change,date,time,file_add,file_del,file_change,line_add,line_del,line_change
1025054,2017/04/12,17:38:55,1,0,0,0,0,0
1024826,2017/04/12,14:37:43,0,0,1,0,0,6
1024788,2017/04/12,13:53:16,0,0,1,2,0,0
1024714,2017/04/12,12:36:00,141,0,2,17208,2,10
1024558,2017/04/12,10:20:52,0,139,4,3,11654,12
1024221,2017/04/11,16:59:01,139,0,0,11654,0,0
1024048,2017/04/11,14:53:35,6,0,3,1134,0,9
1021539,2017/04/06,17:41:35,0,0,1,5,0,9
1021484,2017/04/06,17:09:05,0,0,3,6,0,10
1021361,2017/04/06,16:07:07,1,0,3,502,0,15
1020364,2017/04/05,16:02:19,2,0,11,137,7,39
1012703,2017/03/23,09:31:49,0,0,1,0,0,4
1010003,2017/03/17,14:32:14,3,0,36,1337,19,73
1009765,2017/03/17,10:00:31,0,0,1,0,2,0
1003319,2017/03/06,10:22:43,0,0,7,4,16,10
1001853,2017/03/02,13:44:13,0,0,1,6,0,0
1001821,2017/03/02,13:17:30,0,0,1,0,0,1
1001815,2017/03/02,13:12:22,1,0,1,16,0,0
1001792,2017/03/02,12:51:34,0,0,1,0,0,3
1001699,2017/03/02,11:30:52,0,0,8,5,2,24
1001461,2017/03/02,10:03:23,0,0,1,7,0,8
1001414,2017/03/02,09:02:47,0,0,1,2,0,0
1001307,2017/03/01,21:09:15,0,0,0,0,0,0
1001140,2017/03/01,17:18:17,0,0,7,20,1,10
1000735,2017/03/01,11:32:35,0,0,2,0,0,2
1000620,2017/03/01,09:28:26,0,0,2,15,0,3
1000082,2017/02/28,15:07:21,5,0,30,826,43,91
997013,2017/02/22,09:29:17,0,0,4,9,1,8
996721,2017/02/21,16:09:35,0,0,7,11,2,31
996639,2017/02/21,14:36:05,0,0,16,6,6,19
996624,2017/02/21,14:26:37,0,0,64,0,0,73
996608,2017/02/21,14:11:06,0,0,20,16,3,53
996494,2017/02/21,11:38:34,2,0,7,182,6,8
996356,2017/02/21,09:20:25,0,0,1,7,0,0
996089,2017/02/20,15:21:29,0,0,39,114,1,50
996017,2017/02/20,13:48:37,0,0,55,0,11,103
996005,2017/02/20,13:36:35,0,2,62,23,69,170
995990,2017/02/20,13:09:17,0,0,1,0,0,2
995861,2017/02/20,10:24:03,0,0,2,0,0,0
995680,2017/02/17,18:56:40,0,0,2,1,7,2
995635,2017/02/17,17:01:40,0,0,6,6,1,26
995568,2017/02/17,15:38:19,0,0,4,16,2,7
995519,2017/02/17,14:23:40,0,0,1,0,0,1
995516,2017/02/17,14:16:38,0,0,4,0,23,1
995483,2017/02/17,13:44:44,0,0,14,44,17,65
995042,2017/02/16,16:04:36,0,0,32,53,57,33
994636,2017/02/16,08:48:38,0,0,2,0,0,2
994628,2017/02/16,08:30:42,0,0,2,4,0,0
993827,2017/02/15,08:28:16,0,0,4,8,0,0
993817,2017/02/15,08:03:16,0,0,1,0,0,4
993389,2017/02/14,12:52:22,0,0,2,0,0,3
993381,2017/02/14,12:33:42,0,0,1,1,0,0
993294,2017/02/14,11:11:28,0,0,1,0,0,1
993216,2017/02/14,10:19:55,0,0,2,9,1,8
993205,2017/02/14,09:59:16,0,0,24,2,0,44
993171,2017/02/14,09:36:31,0,49,42,9,9132,43
992239,2017/02/11,14:20:33,0,0,1,1,0,0
992234,2017/02/11,12:19:12,0,0,1,0,0,2
992233,2017/02/11,12:10:35,0,0,7,19,0,4
992231,2017/02/11,11:48:12,0,0,6,0,0,12
992226,2017/02/11,09:50:29,0,0,8,0,0,22
991651,2017/02/09,20:18:16,0,0,1,8,0,2
991649,2017/02/09,19:45:23,0,0,5,9,0,0
991513,2017/02/09,15:09:30,0,0,6,24,16,14
991391,2017/02/09,13:20:13,0,0,2,0,0,5
991387,2017/02/09,13:09:24,0,2,3,0,335,48
991363,2017/02/09,12:17:53,0,0,1,0,0,1
991361,2017/02/09,12:15:37,59,1,1,9805,23,0
991350,2017/02/09,11:49:56,0,0,1,0,0,2
991347,2017/02/09,11:46:22,0,0,4,20,11,18
991257,2017/02/09,09:31:12,0,0,8,21,2,1
991233,2017/02/09,08:53:24,0,0,2,0,0,2
990997,2017/02/08,16:30:58,0,0,4,0,0,24
990979,2017/02/08,16:10:08,0,0,57,2,6,91
990974,2017/02/08,16:02:16,0,0,3,0,0,3
990939,2017/02/08,15:24:22,0,0,2,0,4,1
990929,2017/02/08,15:15:00,0,0,1,6,0,0
990921,2017/02/08,15:03:38,0,0,78,9,33,163
990875,2017/02/08,14:06:35,0,0,1,6,0,0
990816,2017/02/08,12:57:18,0,0,2,6,0,3
990801,2017/02/08,12:24:53,0,0,4,1,0,8
990691,2017/02/08,10:04:42,0,0,1,7,0,3
990683,2017/02/08,09:56:04,0,0,3,11,2,10
990435,2017/02/07,16:24:45,0,0,6,20,3,32
990103,2017/02/07,10:08:36,0,0,2,8,3,7
990009,2017/02/07,08:27:44,0,0,2,4,3,3
989869,2017/02/06,17:28:22,2,2,12,357,130,6
989823,2017/02/06,16:48:01,0,0,1,8,9,0
989766,2017/02/06,15:42:45,0,0,1,2,0,4
989687,2017/02/06,14:27:49,0,0,5,0,2,23
989615,2017/02/06,13:22:36,0,0,2,0,1,3
989595,2017/02/06,13:04:27,0,0,1,1,0,0
989591,2017/02/06,13:00:05,0,0,2,2,0,0
989576,2017/02/06,12:57:14,0,0,1,1,0,0
989575,2017/02/06,12:53:19,2,0,1,21,0,1
989560,2017/02/06,12:48:32,0,0,14,46,13,32
989498,2017/02/06,11:26:13,618,0,0,1145510,0,0
989475,2017/02/06,11:07:52,1,0,0,52,0,0
989348,2017/02/06,08:57:34,1,417,2,14635,142529,3
989271,2017/02/04,23:46:43,0,0,2,3,0,6
989245,2017/02/04,10:08:51,0,0,1,0,0,9
989152,2017/02/03,21:34:31,0,0,2,0,2,10
988878,2017/02/03,14:01:02,0,0,10,23,33,32
988858,2017/02/03,13:29:42,0,0,4,0,0,0
988815,2017/02/03,12:36:27,0,0,1,3,0,0
988619,2017/02/02,22:07:47,0,0,1,7,8,4
988602,2017/02/02,19:10:47,0,0,1,8,1,6
988333,2017/02/02,13:31:37,0,0,1,0,1,1
988331,2017/02/02,13:30:52,0,0,8,19,9,22
988324,2017/02/02,13:26:14,0,0,2,9,1,0
987228,2017/02/01,11:02:26,0,0,13,20,11,48
986962,2017/01/31,16:06:45,0,0,1,0,0,1
986902,2017/01/31,15:24:47,0,0,3,1,0,6
981370,2017/01/20,14:51:00,2,0,16,448,28,41
979865,2017/01/18,06:30:26,0,0,2,2,2,5
979094,2017/01/16,17:03:19,0,0,9,21,3,18
978967,2017/01/16,14:50:52,0,0,8,31,23,23
978475,2017/01/13,16:39:33,17,0,10,771,0,5
977987,2017/01/13,09:41:31,0,0,1,0,0,5
977559,2017/01/12,15:25:55,279,0,2,132851,7,6
977394,2017/01/12,13:04:50,0,0,5,21,10,7
976953,2017/01/11,17:47:02,0,0,3,15,0,5
976697,2017/01/11,14:24:42,0,0,1,0,0,0
976663,2017/01/11,13:41:13,0,0,40,16,12,70
976470,2017/01/11,08:55:43,0,0,1,0,0,3
975671,2017/01/09,17:16:45,2,0,4,817,0,4
974172,2017/01/04,13:30:27,0,1,3,7,35,7
974151,2017/01/04,13:00:13,0,0,9,12,13,19
973863,2017/01/03,16:43:55,1,0,7,14,1,12
973741,2017/01/03,14:19:08,0,0,1,0,0,1
973342,2017/01/02,17:03:45,0,0,35,1,65,98
971963,2016/12/22,16:18:32,0,0,1,0,0,1
971951,2016/12/22,16:01:02,0,0,7,16,15,33
971879,2016/12/22,14:22:35,0,0,2,0,0,2
971723,2016/12/22,11:47:41,0,3,3,23,52,5
971709,2016/12/22,11:36:20,0,0,2,9,4,0
971707,2016/12/22,11:31:35,0,0,1,1,0,0
971702,2016/12/22,11:24:28,2,0,1,28,0,9
971687,2016/12/22,11:11:37,0,0,1,0,0,2
971681,2016/12/22,11:03:40,0,0,1,0,0,1
971678,2016/12/22,10:59:39,0,0,4,15,3,1
971673,2016/12/22,10:54:10,0,0,15,10,11,52
971670,2016/12/22,10:51:34,0,0,1,1,0,0
971661,2016/12/22,10:45:19,2,6,5,36,169,1
971592,2016/12/22,08:57:26,0,0,3,1,2,2
971451,2016/12/21,17:22:49,30,0,5,3261,10,5
971395,2016/12/21,16:20:29,0,0,5,2,7,16
971388,2016/12/21,16:10:17,0,0,1,0,0,1
971384,2016/12/21,16:07:15,0,0,1,0,0,1
971377,2016/12/21,16:05:02,0,0,1,0,0,1
971106,2016/12/21,12:43:25,0,0,9,6,6,17
971101,2016/12/21,12:32:22,0,0,1,0,0,2
970956,2016/12/21,10:44:25,0,0,15,28,29,22
970879,2016/12/21,10:08:21,0,0,1,2,0,0
970856,2016/12/21,09:49:37,0,0,3,5,9,8
970615,2016/12/20,17:29:21,331,0,18,2922,35,40
970193,2016/12/20,11:05:56,0,0,4,10,2,15
969915,2016/12/19,17:29:11,4,3,9,26,61,29
968925,2016/12/16,16:49:07,0,0,6,2,0,23
968907,2016/12/16,16:24:26,0,0,2,10,0,2
968846,2016/12/16,15:31:46,0,0,1,0,0,1
968837,2016/12/16,15:16:16,0,0,3,5,2,4
968835,2016/12/16,15:15:38,145,0,5,31868,1,3
968161,2016/12/15,17:14:06,3,0,4,151,4,7
967750,2016/12/15,12:41:08,0,0,3,2,3,0
967611,2016/12/15,10:48:46,0,0,5,31,11,28
967263,2016/12/14,17:07:23,19,0,7,3829,0,3
966545,2016/12/13,16:22:51,0,0,2,0,0,3
966449,2016/12/13,15:23:14,0,0,1,0,0,1
966399,2016/12/13,14:47:14,0,0,4,0,6,4
966384,2016/12/13,14:32:12,1,0,1,17,0,1
966377,2016/12/13,14:23:09,0,0,1,5,2,4
966335,2016/12/13,13:21:24,4,1,6,255,14637,11
966171,2016/12/13,09:49:03,0,0,1,0,0,2
965302,2016/12/09,16:49:26,0,0,3,10,0,0
965297,2016/12/09,16:45:44,2,0,1,22,0,0
965293,2016/12/09,16:41:51,422,0,0,603499,0,0
965130,2016/12/09,14:19:15,0,0,1,0,0,4
965126,2016/12/09,14:15:51,4,8,26,184,316,48
964543,2016/12/08,16:02:17,2,0,0,31,0,0
964390,2016/12/08,13:32:08,0,0,1,2,3,0
964278,2016/12/08,11:48:23,0,0,5,0,4,0
964268,2016/12/08,11:34:22,0,0,1,0,1,1
964260,2016/12/08,11:28:05,0,0,2,0,0,2
964255,2016/12/08,11:22:15,0,0,1,0,0,8
964102,2016/12/08,09:48:47,0,0,1,5,0,0
963605,2016/12/07,15:15:04,0,0,1,0,4,1
963512,2016/12/07,13:42:02,0,0,4,8,8,11
963511,2016/12/07,13:40:03,0,0,1,3,0,3
963432,2016/12/07,10:57:32,0,0,3,8,5,1
963159,2016/12/06,17:11:16,5,0,6,430,10,10
962948,2016/12/06,14:27:55,1,0,12,1007,0,39
962856,2016/12/06,13:32:21,0,0,1,1,0,0
962431,2016/12/05,16:33:23,0,0,1,4,0,6
962384,2016/12/05,15:56:46,0,0,22,48,4,42
961274,2016/12/01,17:11:28,0,0,9,16,0,5
961208,2016/12/01,15:56:47,0,0,1,0,0,0
961198,2016/12/01,15:49:28,0,0,3,0,2,8
961186,2016/12/01,15:36:30,1,0,4,50,9,0
961166,2016/12/01,15:19:02,9,0,6,733,13,20
961088,2016/12/01,14:23:24,0,0,1,0,0,0
961005,2016/12/01,13:03:28,0,0,1,0,0,5
961000,2016/12/01,12:59:18,0,0,8,21,0,46
960594,2016/11/30,15:43:57,0,0,2,0,3,1
960298,2016/11/30,10:14:09,2,0,11,94,5,0
959726,2016/11/29,13:23:25,0,0,8,36,10,16
959242,2016/11/28,16:25:19,0,0,5,17,0,8
959116,2016/11/28,15:01:41,0,0,8,23,4,14
958920,2016/11/28,12:38:29,0,0,1,0,0,3
958846,2016/11/28,11:20:25,0,0,1,0,0,2
958838,2016/11/28,11:14:09,0,0,1,0,1,0
958817,2016/11/28,11:01:07,1,0,0,132,0,0
958805,2016/11/28,10:45:31,0,2,16,30,122,42
957613,2016/11/24,10:33:52,0,0,1,7,0,0
957595,2016/11/24,10:15:44,6,0,3,240,13,8
957526,2016/11/24,09:18:25,0,0,1,0,1,0
957221,2016/11/23,15:23:55,0,0,1,0,2,0
957212,2016/11/23,15:12:04,5,0,2,1553,7,28
957170,2016/11/23,14:34:01,0,0,3,0,0,17
957149,2016/11/23,14:15:17,0,0,1,0,0,8
957147,2016/11/23,14:09:57,2,0,15,123,50,61
956949,2016/11/23,10:39:57,0,0,5,0,0,0
956864,2016/11/23,08:58:15,0,0,1,0,2,3
956665,2016/11/22,15:53:46,0,0,6,11,6,8
956474,2016/11/22,13:16:00,0,0,1,0,6,8
956418,2016/11/22,11:31:18,2,8,4,107,2325,7
956397,2016/11/22,11:09:36,13,0,1,2565,0,0
956380,2016/11/22,10:54:48,0,0,2,0,0,16
956372,2016/11/22,10:36:37,0,0,2,3,8,1
956359,2016/11/22,10:20:04,0,0,8,6,4,26
955258,2016/11/18,15:24:13,0,0,3,2,11,3
955191,2016/11/18,14:12:15,0,0,1,0,0,1
955185,2016/11/18,14:05:46,5,0,19,470,7,45
954172,2016/11/16,15:48:31,3,0,1,865,0,0
954170,2016/11/16,15:46:59,0,0,1,3,0,6
954010,2016/11/16,13:24:22,2,0,6,65,5,4
953964,2016/11/16,12:37:43,0,0,1,0,0,1
953897,2016/11/16,11:18:00,0,0,1,0,0,1
953891,2016/11/16,11:14:29,0,0,8,25,7,11
953798,2016/11/16,10:15:45,0,0,1,0,0,0
953735,2016/11/16,09:27:57,4,0,3,21168,2,7
953500,2016/11/15,16:47:23,0,0,1,0,0,4
953494,2016/11/15,16:41:56,6,0,30,467,7,39
953438,2016/11/15,15:50:01,0,0,2,0,0,5
952294,2016/11/11,16:35:45,2,0,7,230,1,11
952234,2016/11/11,15:13:35,9,0,39,1146,44,75
952232,2016/11/11,15:11:13,0,0,1,0,0,2
952112,2016/11/11,13:12:22,0,0,1,2,0,0
951703,2016/11/10,16:19:37,0,0,1,0,0,1
951358,2016/11/10,10:22:06,1,0,9,15,0,27
951335,2016/11/10,09:54:58,0,0,6,0,0,32
951167,2016/11/09,18:02:22,0,0,6,3,0,5
951166,2016/11/09,17:56:28,0,0,3,0,12,3
951164,2016/11/09,17:44:22,0,1,3,14,65,4
951155,2016/11/09,17:27:55,0,2,0,0,76,0
951153,2016/11/09,17:21:26,2,1,0,76,1,0
951148,2016/11/09,17:14:23,0,0,36,15,13,71
951119,2016/11/09,16:36:55,0,0,9,0,0,12
951072,2016/11/09,16:03:31,0,0,34,28,19,61
950997,2016/11/09,14:50:41,0,0,5,11,0,22
950941,2016/11/09,13:50:42,0,0,23,16,2,69
950871,2016/11/09,11:34:59,0,0,27,104,1,75
950458,2016/11/08,15:47:29,0,0,16,18,12,38
950189,2016/11/08,09:48:47,0,0,4,0,0,10
949391,2016/11/04,16:41:50,0,4,20,67,55,42
948371,2016/11/02,17:07:03,1,11,62,183,618,138
945434,2016/10/25,14:11:58,2,0,3,83,10,3
945373,2016/10/25,13:08:37,0,0,3,2,0,1
944965,2016/10/24,16:47:32,0,0,1,0,0,3
944945,2016/10/24,16:22:44,5,7,17,351,518,33
944267,2016/10/21,14:18:26,2,0,14,195,10,40
943620,2016/10/20,13:45:48,0,2,30,31,73,90
943540,2016/10/20,11:51:31,0,0,3,0,0,3
943228,2016/10/19,17:06:50,0,0,2,0,0,2
942917,2016/10/19,11:27:38,0,0,1,0,0,1
942916,2016/10/19,11:27:14,0,0,1,5,0,1
942898,2016/10/19,11:13:50,0,0,2,0,5,1
942390,2016/10/18,15:36:25,0,0,5,0,0,5
942353,2016/10/18,15:07:37,0,0,1,1,0,1
942332,2016/10/18,14:36:10,11,0,92,720,57,316
935965,2016/09/30,13:42:29,0,0,1,0,1,6
935951,2016/09/30,13:30:21,0,0,5,2,8,25
935899,2016/09/30,12:46:34,0,0,1,6,0,0
935879,2016/09/30,12:20:48,1,0,0,11,0,0
935869,2016/09/30,12:10:15,0,0,8,34,10,25
935828,2016/09/30,10:39:26,6,0,15,445,11,31
935423,2016/09/29,13:11:27,0,0,1,6,0,6
935291,2016/09/29,09:27:28,0,0,1,0,0,1
935133,2016/09/28,17:11:56,0,0,5,2,0,25
935109,2016/09/28,16:33:44,0,0,1,0,0,1
935090,2016/09/28,16:04:26,0,2,0,0,40,0
935089,2016/09/28,16:04:01,10,0,16,810,43,45
934229,2016/09/27,10:14:56,0,0,1,8,0,8
933453,2016/09/23,16:21:08,0,0,1,0,0,1
933433,2016/09/23,15:54:38,6,0,5,243,9,9
933259,2016/09/23,12:46:53,0,0,1,1,0,0
933183,2016/09/23,11:05:08,1,0,0,699,0,0
933156,2016/09/23,10:30:08,0,0,1,2,2,2
933132,2016/09/23,09:57:37,0,0,1,0,0,3
933123,2016/09/23,09:53:07,0,0,3,6,0,1
932814,2016/09/22,15:39:15,1,0,1,2688,0,1
932549,2016/09/22,10:53:55,0,0,5,3,1,1
932187,2016/09/21,15:20:39,0,0,2,4,0,3
932173,2016/09/21,15:16:34,0,0,6,0,5,11
932156,2016/09/21,15:06:12,0,2,0,0,2,0
932154,2016/09/21,15:04:29,0,1,0,0,1,0
932148,2016/09/21,15:00:24,1,5,7,44,85,6
932118,2016/09/21,14:16:49,0,12,0,0,591,0
932113,2016/09/21,14:11:19,16,0,19,687,6,36
931960,2016/09/21,10:23:59,0,0,1,2,4,2
931106,2016/09/19,16:57:41,0,0,2,0,0,2
931100,2016/09/19,16:49:59,0,0,2,4,0,0
931092,2016/09/19,16:41:04,18,0,11,778,17,45
930907,2016/09/19,13:03:59,2,2,38,117,167,106
930737,2016/09/19,09:44:08,0,0,2,4,1,0
929832,2016/09/15,11:48:31,0,0,1,0,0,1
929830,2016/09/15,11:45:05,0,0,3,0,0,12
929800,2016/09/15,11:03:06,0,0,1,0,0,1
929415,2016/09/14,15:09:05,0,0,1,4,0,0
929411,2016/09/14,15:02:35,0,0,1,5,0,0
929396,2016/09/14,14:53:48,5,0,7,356,3,16
929122,2016/09/14,11:44:41,2,0,14,52,0,21
928578,2016/09/13,13:07:47,0,0,1,0,0,1
928484,2016/09/13,11:08:38,0,0,2,0,0,2
928477,2016/09/13,11:01:10,0,52,6,0,68199,7
928438,2016/09/13,10:06:50,0,0,1,2,0,8
927542,2016/09/09,16:34:07,0,0,3,0,0,9
927533,2016/09/09,16:28:44,0,0,1,0,0,1
927532,2016/09/09,16:27:53,0,0,1,7,0,0
927507,2016/09/09,16:18:26,0,0,0,0,0,0
927503,2016/09/09,16:13:58,0,0,0,0,0,0
923447,2016/09/01,10:36:19,0,0,1,0,0,3
923444,2016/09/01,10:31:32,0,0,1,0,0,3
923173,2016/08/31,15:51:10,0,0,2,0,0,4
922953,2016/08/31,10:24:01,3,0,0,143,0,0
921671,2016/08/26,10:29:47,35,0,5,34809,0,5
918221,2016/08/17,13:06:01,0,0,1,0,4,0
918197,2016/08/17,12:39:56,0,0,4,0,5,16
918152,2016/08/17,11:14:30,0,0,6,2,3,15
917295,2016/08/12,16:33:01,0,0,1,1,0,9
917282,2016/08/12,16:18:45,20,0,4,33978,0,10
916673,2016/08/11,15:14:02,22,0,8,1263,3,2
915567,2016/08/09,14:32:17,0,0,4,24,7,6
915505,2016/08/09,13:15:09,0,0,18,33,1,22
914758,2016/08/05,16:31:33,5,0,27,227,11,19
914751,2016/08/05,16:20:09,0,0,1,7,0,0
914539,2016/08/05,11:32:13,0,0,1,3,0,0
914491,2016/08/05,10:51:38,1,0,0,40,0,0
914425,2016/08/05,09:48:05,20,0,5,714,0,3
913605,2016/08/03,16:03:43,1,0,2,37,3,9
913561,2016/08/03,15:11:34,0,0,2,0,0,0
911594,2016/07/29,09:48:43,0,0,0,0,0,0
910955,2016/07/27,14:21:15,0,0,2,0,2,0
910939,2016/07/27,13:57:04,0,0,2,0,0,2
910806,2016/07/27,10:49:30,0,0,0,0,0,0
910365,2016/07/26,13:56:52,4,0,0,82,0,0
904112,2016/07/08,14:55:16,0,0,2,12,0,1
903953,2016/07/08,10:43:17,0,0,2,1,7,1
903950,2016/07/08,10:41:24,0,0,13,7,33,35
902709,2016/07/05,17:26:34,0,0,1,0,0,1
902708,2016/07/05,17:26:26,0,0,1,0,0,2
901563,2016/07/01,11:54:04,0,0,7,31,7,13
901562,2016/07/01,11:53:10,0,0,1,0,0,2
901176,2016/06/30,13:43:21,0,0,1,0,0,0
901175,2016/06/30,13:43:09,0,0,1,0,0,0
901169,2016/06/30,13:40:50,0,0,3,15,2,2
901168,2016/06/30,13:40:21,0,0,1,0,0,1
901161,2016/06/30,13:20:39,4,0,3,288,0,11
900978,2016/06/30,09:24:54,0,0,3,0,0,4
900817,2016/06/29,17:13:26,8,0,16,831,5,12
900466,2016/06/29,09:55:49,0,0,1,0,0,1
900227,2016/06/28,16:01:28,0,0,11,36,10,29
899268,2016/06/24,17:30:35,2,2,5,109,21,56
898134,2016/06/22,16:14:42,4,0,14,178,15,15
898012,2016/06/22,13:38:40,1,0,0,31,0,0
898008,2016/06/22,13:33:52,0,0,2,0,0,5
897993,2016/06/22,13:08:25,0,0,4,0,3,2
896705,2016/06/17,15:40:06,2,0,0,105,0,0
896702,2016/06/17,15:35:12,4,0,2,44,0,16
896682,2016/06/17,14:59:58,3,0,0,137,0,0
896681,2016/06/17,14:59:11,0,0,1,0,0,3
896680,2016/06/17,14:58:25,0,0,1,0,0,0
896674,2016/06/17,14:25:19,0,0,4,8,2,5
896643,2016/06/17,13:45:49,4,0,2,494,1,6
896570,2016/06/17,11:18:36,2,0,9,71,3,25
896340,2016/06/16,17:18:58,17,0,4,730,5,7
896149,2016/06/16,13:02:02,0,0,1,0,0,2
896148,2016/06/16,13:01:08,1,0,2,29,4,7
896145,2016/06/16,12:52:44,2,3,1,208,239,4
896122,2016/06/16,12:12:46,0,0,2,4,1,14
896079,2016/06/16,11:15:45,2,0,3,125,4,2
896073,2016/06/16,11:02:39,0,0,2,2,0,0
895806,2016/06/15,16:12:14,2,0,2,48,0,0
891405,2016/06/03,13:36:41,0,0,2,2,0,9
891038,2016/06/02,17:13:36,3,0,1,496,0,2
891034,2016/06/02,17:04:11,0,0,1,0,0,1
885794,2016/05/18,17:31:23,1,0,0,728,0,0
885079,2016/05/17,11:28:46,0,0,0,0,0,0
885078,2016/05/17,11:26:00,0,0,0,0,0,0
883719,2016/05/12,12:25:00,0,0,1,0,0,0
883584,2016/05/12,10:07:24,306,0,0,193581,0,0
883581,2016/05/12,10:06:03,0,306,0,0,194312,0
882398,2016/05/10,11:06:11,0,0,1,0,0,3
880461,2016/05/04,10:19:13,0,0,3,22,0,0
879532,2016/05/02,15:59:59,0,0,1,0,0,1
878213,2016/04/28,14:54:41,0,0,1,3,0,2
877979,2016/04/28,10:08:16,2,0,0,1788,0,0
877426,2016/04/27,12:31:28,0,0,5,12,0,3
876943,2016/04/26,15:35:51,306,0,0,194312,0,0
876913,2016/04/26,14:54:55,0,0,1,0,0,3
876887,2016/04/26,14:32:39,0,0,1,1,0,2
876683,2016/04/26,10:54:05,0,0,1,4,4,0
876450,2016/04/25,17:34:15,21,0,2,219431,0,0
876281,2016/04/25,14:42:23,4462,0,0,1085448,0,0
876212,2016/04/25,13:31:12,8,0,1,221673,0,0
876146,2016/04/25,11:34:38,773,773,0,413828,413828,0
875356,2016/04/21,16:47:50,6,0,1,166695,0,1
875294,2016/04/21,15:10:52,767,0,0,246833,0,0
874745,2016/04/20,15:48:27,1,0,0,30,0,0
874658,2016/04/20,13:59:20,0,0,1,0,5,0
874570,2016/04/20,11:51:35,0,0,1,0,0,1
874005,2016/04/19,09:25:00,0,0,2,0,0,2
873260,2016/04/15,16:44:28,0,0,2,8,0,1
873221,2016/04/15,16:04:20,0,0,1,8,0,0
872058,2016/04/13,14:43:06,420,0,0,2401,0,0
872055,2016/04/13,14:40:55,0,0,0,0,0,0
871090,2016/04/11,12:56:12,0,0,3,0,0,4
868819,2016/04/05,10:28:21,0,0,1,0,3,2
867849,2016/04/01,11:27:42,0,0,1,0,0,3
867488,2016/03/31,15:25:11,0,0,2,0,0,4
865478,2016/03/23,09:44:33,0,0,4,3,1,10
859740,2016/03/08,11:00:15,0,0,1,0,0,5
857287,2016/03/02,12:38:18,0,0,6,0,6,14
857278,2016/03/02,12:29:10,0,0,2,0,0,3
857170,2016/03/02,10:46:34,1,0,0,20,0,0
857162,2016/03/02,10:39:35,0,0,2,4,0,0
856768,2016/03/01,15:06:05,0,0,2,3,0,5
854494,2016/02/25,09:46:44,0,0,1,0,0,1
854141,2016/02/24,15:52:55,0,0,1,2,0,0
854136,2016/02/24,15:42:28,0,0,2,0,0,14
854132,2016/02/24,15:31:29,4,0,2,87,0,16
854008,2016/02/24,13:06:29,0,0,5,3,2,29
853576,2016/02/23,15:44:04,0,0,3,14,4,10
853495,2016/02/23,14:14:32,0,0,6,0,0,12
853489,2016/02/23,14:07:24,4,0,0,616,0,0
853371,2016/02/23,11:31:09,0,0,3,4,2,2
853281,2016/02/23,10:12:56,0,0,1,0,0,8
852461,2016/02/19,16:35:59,0,0,1,6,0,9
852269,2016/02/19,12:11:15,1,0,13,49,7,24
852196,2016/02/19,10:37:34,0,0,13,54,3,10
852121,2016/02/19,08:54:03,0,0,1,3,0,4
851927,2016/02/18,16:11:55,0,0,1,0,0,3
851918,2016/02/18,15:55:19,2,2,12,1143,1127,5
851860,2016/02/18,14:58:06,3,0,2,49,0,5
851825,2016/02/18,14:27:05,0,0,1,0,0,1
851712,2016/02/18,11:49:07,0,0,1,0,0,1
851703,2016/02/18,11:31:58,0,0,8,21,10,6
851702,2016/02/18,11:31:01,0,0,1,2,0,2
851396,2016/02/17,15:24:07,0,0,7,25,0,14
851341,2016/02/17,14:04:12,0,0,1,7,0,0
850812,2016/02/16,14:27:14,0,0,1,2,0,0
850736,2016/02/16,12:36:00,0,0,4,9,0,5
850686,2016/02/16,10:59:13,0,0,1,8,0,0
849788,2016/02/12,14:16:20,0,0,1,4,0,0
849443,2016/02/11,15:54:24,0,0,2,0,0,5
849263,2016/02/11,11:14:37,0,0,2,0,2,4
849203,2016/02/11,09:45:01,0,0,1,0,0,7
848262,2016/02/09,10:58:08,0,0,2,0,0,7
847254,2016/02/05,09:33:51,2,0,4,157,0,0
846668,2016/02/03,16:45:55,0,0,3,0,0,6
846666,2016/02/03,16:45:42,0,0,1,9,0,0
846582,2016/02/03,14:49:54,0,0,3,12,0,0
846443,2016/02/03,10:44:07,0,0,1,0,3,9
845273,2016/01/29,14:25:54,0,0,1,1,0,1
845263,2016/01/29,14:16:05,0,0,1,0,1,5
845259,2016/01/29,14:12:19,0,0,0,0,0,0
844923,2016/01/28,17:12:21,0,0,1,8,0,1
844306,2016/01/27,16:15:53,0,0,1,0,0,1
844234,2016/01/27,14:42:28,0,0,2,0,0,10
843608,2016/01/26,12:06:24,0,0,4,9,6,11
843517,2016/01/26,10:16:35,0,0,1,4,0,7
842325,2016/01/21,16:47:35,0,0,1,0,0,1
842291,2016/01/21,16:18:08,2,0,9,143,15,1
842274,2016/01/21,16:06:02,0,0,1,0,0,3
842091,2016/01/21,12:42:17,2,0,7,131,4,7
841716,2016/01/20,16:20:10,0,0,2,7,0,1
841489,2016/01/20,11:52:39,0,0,7,14,0,13
841367,2016/01/20,09:28:30,0,0,4,10,1,10
841361,2016/01/20,09:06:55,0,0,1,0,0,1
841247,2016/01/19,17:37:53,1,0,8,21,0,6
841040,2016/01/19,14:41:18,0,0,3,0,0,3
834142,2015/12/18,15:55:59,0,0,1,2,0,1
834130,2015/12/18,15:47:41,0,0,1,0,0,1
834123,2015/12/18,15:41:20,0,0,6,19,2,8
834103,2015/12/18,15:13:02,0,0,1,0,0,5
834080,2015/12/18,14:38:55,0,0,1,4,0,2
834066,2015/12/18,14:09:07,0,0,1,0,0,5
834054,2015/12/18,13:48:50,2,1,2,13,12,15
833718,2015/12/17,16:36:05,0,0,1,2,0,0
833654,2015/12/17,15:34:43,0,0,1,3,0,0
833579,2015/12/17,13:28:16,0,0,1,0,0,1
833563,2015/12/17,13:17:15,0,0,6,12,7,5
833516,2015/12/17,12:30:27,0,0,1,8,7,0
833234,2015/12/16,17:34:55,8,0,1,3033,0,0
833221,2015/12/16,17:07:07,0,0,1,1,1,5
833191,2015/12/16,16:38:47,0,0,2,0,0,2
833178,2015/12/16,16:27:19,0,0,1,6,0,0
833176,2015/12/16,16:25:53,0,0,1,0,4,0
833172,2015/12/16,16:24:44,0,0,3,2,0,12
833079,2015/12/16,14:56:38,0,0,2,0,0,7
833077,2015/12/16,14:52:00,0,0,2,0,0,16
833069,2015/12/16,14:41:54,0,0,3,3,1,3
832996,2015/12/16,13:40:55,2,0,5,14,7,12
832972,2015/12/16,13:15:13,0,0,1,0,0,1
832969,2015/12/16,13:07:34,0,0,3,2,0,2
832903,2015/12/16,11:21:25,0,0,1,0,0,1
832902,2015/12/16,11:20:36,0,0,9,20,9,7
832892,2015/12/16,11:11:58,0,0,1,5,0,0
832888,2015/12/16,11:05:22,0,0,2,1,6,9
832827,2015/12/16,10:08:18,1,0,3,16,0,0
832555,2015/12/15,15:21:08,2,0,11,397,13,12
832373,2015/12/15,10:52:25,0,0,1,0,0,1
832344,2015/12/15,10:12:23,0,0,4,4,4,1
831631,2015/12/11,15:45:35,0,0,1,5,0,0
831596,2015/12/11,14:48:21,14,0,2,10932,6,6
831595,2015/12/11,14:47:52,0,0,1,0,1,1
831572,2015/12/11,14:25:33,1,0,0,7,0,0
831554,2015/12/11,13:58:49,0,0,3,0,0,4
831489,2015/12/11,12:27:09,0,0,1,1,0,0
831485,2015/12/11,12:24:11,1,0,1,13,0,0
831455,2015/12/11,11:40:20,0,0,2,5,0,6
831389,2015/12/11,10:56:50,0,0,2,3,0,1
831388,2015/12/11,10:51:50,1,0,1,10,0,0
831376,2015/12/11,10:41:36,0,0,1,0,0,4
831372,2015/12/11,10:38:06,1,0,2,27,0,0
831371,2015/12/11,10:37:17,0,0,1,3,0,1
831200,2015/12/10,17:54:23,0,0,4,8,0,6
831166,2015/12/10,17:01:13,0,0,5,10,8,13
831131,2015/12/10,16:15:28,0,0,14,21,5,34
831040,2015/12/10,13:51:39,0,0,1,0,0,0
830995,2015/12/10,13:08:41,0,0,22,33,13,29
830888,2015/12/10,09:53:29,2,0,0,186,0,0
830887,2015/12/10,09:52:58,0,0,7,11,5,6
830581,2015/12/09,12:36:14,0,0,3,16,0,4
830295,2015/12/08,17:14:17,0,0,5,3,4,14
829849,2015/12/08,11:22:53,0,0,4,3,0,13
828837,2015/12/04,16:12:23,2,0,3,3,0,3
828586,2015/12/04,10:08:18,0,0,11,19,2,12
828425,2015/12/03,17:32:12,2,1,16,199,186,19
828155,2015/12/03,11:44:31,0,0,2,11,0,0
828152,2015/12/03,11:42:53,187,0,0,1851,0,0
827926,2015/12/02,17:29:30,0,0,14,38,8,48
827624,2015/12/02,10:35:35,2,0,1,92,6,4
827590,2015/12/02,09:54:10,0,1,0,0,198,0
827588,2015/12/02,09:53:13,0,0,0,0,0,17
827575,2015/12/02,09:43:54,0,2,3,1,1119,0
827572,2015/12/02,09:38:40,242,241,0,51630,51620,0
826156,2015/11/27,10:19:27,0,0,4,13,0,4
824757,2015/11/24,10:10:40,0,0,2,1,1,8
823996,2015/11/20,16:35:05,0,0,3,6,0,6
823967,2015/11/20,16:04:39,0,0,5,0,7,1
823944,2015/11/20,15:47:48,0,0,2,5,0,0
823935,2015/11/20,15:31:23,2,0,1,8,6,4
823891,2015/11/20,14:23:25,0,0,1,0,0,1
823808,2015/11/20,12:38:34,0,0,3,16,0,0
823696,2015/11/20,10:03:39,0,0,1,0,0,1
823522,2015/11/19,16:22:03,0,0,3,8,0,4
823505,2015/11/19,15:57:56,0,0,1,4,9,4
823369,2015/11/19,11:51:51,0,0,1,7,0,0
823092,2015/11/18,17:10:25,0,0,2,3,0,6
823051,2015/11/18,16:20:45,0,0,2,0,0,3
823046,2015/11/18,16:18:59,0,0,0,3,0,0
823044,2015/11/18,16:17:50,0,0,1,0,0,0
822267,2015/11/17,10:04:24,0,0,1,3,0,0
822262,2015/11/17,09:55:18,0,0,2,0,4,4
821508,2015/11/13,18:14:07,0,0,2,3,0,6
821487,2015/11/13,17:17:54,0,0,2,0,0,3
821486,2015/11/13,17:15:19,0,0,0,6,2,22
821484,2015/11/13,17:12:25,0,0,2,4,2,13
821279,2015/11/13,13:15:09,0,0,2,2,0,9
821254,2015/11/13,12:38:51,0,0,1,0,0,1
821231,2015/11/13,11:43:47,0,0,2,0,0,4
821221,2015/11/13,11:26:58,0,0,1,1,0,0
821219,2015/11/13,11:24:54,1,0,0,1,0,0
820887,2015/11/12,15:56:59,0,0,2,3,0,6
820817,2015/11/12,14:51:28,0,0,2,0,0,3
820806,2015/11/12,14:45:56,0,0,0,44,30,62
820794,2015/11/12,14:30:23,0,0,21,13,32,52
820270,2015/11/11,15:38:16,0,0,2,5,3,1
820064,2015/11/11,10:55:14,1,0,1,17,0,1
820056,2015/11/11,10:42:54,3,3,0,219,219,0
819848,2015/11/10,17:38:20,1,0,0,17,0,0
819758,2015/11/10,15:48:46,1,0,0,23,0,0
819756,2015/11/10,15:47:12,74,0,0,284208,0,0
819755,2015/11/10,15:40:15,20,0,0,27338,0,0
819741,2015/11/10,15:31:24,0,0,2,10,6,8
818680,2015/11/06,10:43:01,0,0,2,6,0,2
818464,2015/11/05,17:00:40,0,0,4,10,0,7
813592,2015/10/23,10:27:55,0,0,1,5,0,0
813285,2015/10/22,14:15:10,0,0,2,3,0,6
813251,2015/10/22,13:23:55,0,0,1,0,0,1
813249,2015/10/22,13:22:36,0,0,0,0,0,3
813248,2015/10/22,13:19:45,0,0,1,0,0,3
813194,2015/10/22,11:44:58,2,0,0,376,0,0
813139,2015/10/22,10:43:05,0,0,1,0,0,1
813136,2015/10/22,10:40:40,0,0,2,0,0,3
812877,2015/10/21,16:55:30,0,0,1,0,0,1
812876,2015/10/21,16:54:50,0,0,1,0,0,2
812851,2015/10/21,16:23:55,0,0,1,0,0,5
812849,2015/10/21,16:22:58,0,0,0,0,0,0
812848,2015/10/21,16:19:51,0,0,1,0,0,1
812847,2015/10/21,16:18:31,0,0,1,0,0,2
812843,2015/10/21,16:13:57,0,0,0,0,0,0
812839,2015/10/21,16:12:37,0,0,0,0,0,0
812822,2015/10/21,15:56:02,0,0,0,0,0,0
812345,2015/10/20,15:19:17,0,0,8,6,0,21
812211,2015/10/20,13:16:05,0,38,0,328,6173,434
812209,2015/10/20,13:12:19,0,0,0,0,0,0
812204,2015/10/20,13:08:55,0,0,4,1,0,16
812203,2015/10/20,13:08:45,2,0,6,202,0,8
811121,2015/10/16,10:02:04,0,0,1,0,5,8
811085,2015/10/16,09:11:12,0,0,8,0,0,15
811080,2015/10/16,08:49:51,0,0,2,0,0,3
810773,2015/10/15,13:41:40,0,0,1,1,0,8
810724,2015/10/15,12:36:42,0,0,1,1,0,0
810696,2015/10/15,11:38:41,0,0,2,0,1,3
810594,2015/10/15,08:49:50,0,0,7,3,1,8
810591,2015/10/15,08:39:16,0,0,1,1,0,1
810378,2015/10/14,15:51:25,0,0,2,0,1,2
810296,2015/10/14,13:40:27,0,0,4,6,3,19
809887,2015/10/13,14:51:23,0,0,1,0,0,4
808899,2015/10/09,08:44:57,1,0,1,14,0,4
807715,2015/10/06,11:40:24,1,0,0,19,0,0
807712,2015/10/06,11:35:49,0,0,1,0,0,1
807322,2015/10/05,11:48:52,0,0,4,1,0,5
806984,2015/10/02,16:39:50,0,0,1,1,0,3
806718,2015/10/02,09:40:41,0,0,3,0,0,13
806543,2015/10/01,16:18:16,0,0,1,8,3,0
806511,2015/10/01,15:24:35,0,0,2,3,0,0
806461,2015/10/01,14:20:22,0,0,1,0,1,2
806428,2015/10/01,13:10:49,0,0,1,2,0,8
806356,2015/10/01,10:47:16,0,0,2,5,0,6
806178,2015/09/30,17:17:40,0,0,2,1,0,11
806131,2015/09/30,15:42:17,0,0,8,3,9,28
805906,2015/09/30,10:54:47,0,0,3,11,2,16
805719,2015/09/29,18:49:42,0,0,6,10,3,34
805699,2015/09/29,17:47:41,0,0,5,6,8,5
805610,2015/09/29,14:52:40,0,0,1,0,0,3
805595,2015/09/29,14:27:37,0,0,10,12,4,14
804269,2015/09/24,17:13:29,0,0,2,5,0,15
804171,2015/09/24,15:31:04,0,0,2,7,2,8
804156,2015/09/24,15:12:20,0,0,1,0,0,4
804125,2015/09/24,14:19:28,0,0,1,0,0,1
804010,2015/09/24,11:38:55,2,0,4,195,0,11
804009,2015/09/24,11:38:36,0,0,1,0,0,1
803765,2015/09/23,17:46:59,1,0,1,26,0,6
803743,2015/09/23,16:52:47,0,0,1,4,0,0
803737,2015/09/23,16:32:22,0,0,4,11,0,0
803559,2015/09/23,10:55:32,0,0,3,13,3,7
803557,2015/09/23,10:54:19,0,0,1,8,0,0
803267,2015/09/22,16:12:24,0,0,2,0,2,4
803213,2015/09/22,15:25:59,0,0,1,0,0,1
802424,2015/09/18,14:10:23,0,0,2,9,0,5
802035,2015/09/17,13:48:19,0,0,1,0,0,1
802029,2015/09/17,13:34:07,0,0,1,0,0,8
799011,2015/09/08,15:54:53,0,0,1,2,0,0
797930,2015/09/04,12:56:02,0,0,6,1,0,19
797908,2015/09/04,12:29:42,0,0,5,13,0,9
797802,2015/09/04,10:11:51,0,0,1,0,0,1
797797,2015/09/04,09:57:03,0,0,1,1,0,1
796126,2015/08/31,16:24:57,0,0,34,95,3,83
796104,2015/08/31,15:52:07,0,0,1,0,0,2
796068,2015/08/31,15:01:17,0,0,27,78,2,62
796042,2015/08/31,14:34:10,1,0,0,82,0,0
796034,2015/08/31,14:21:13,0,0,1,0,0,1
793033,2015/08/21,14:41:59,0,0,1,4,0,0
791635,2015/08/18,17:00:27,0,0,3,3,19,9
789748,2015/08/13,09:52:01,0,0,1,0,0,2
789598,2015/08/12,16:43:02,0,0,6,13,8,15
785634,2015/08/03,13:25:44,0,0,6,15,0,21
782729,2015/07/24,12:01:11,4,0,7,1328,0,2
782305,2015/07/23,13:37:18,0,0,3,12,0,0
782299,2015/07/23,13:13:40,0,0,3,2,0,4
781929,2015/07/22,14:38:47,8,0,47,1689,48,167
780501,2015/07/17,09:20:36,8,0,22,2416,14,51
778256,2015/07/10,10:45:47,0,0,11,21,14,27
777465,2015/07/08,13:16:09,0,0,13,30,11,35
776352,2015/07/06,13:14:00,0,2,15,36,68,38
770974,2015/06/18,15:44:36,0,0,33,25,60,75
770758,2015/06/18,10:46:21,4,0,0,220,0,0
770751,2015/06/18,10:43:23,14,0,23,11031,25,72
770708,2015/06/18,09:24:45,0,0,2,3,0,5
767657,2015/06/10,12:44:11,2,0,20,679,7,67
766126,2015/06/03,15:56:39,0,0,2,0,0,2
766123,2015/06/03,15:54:20,0,0,2,0,0,2
766113,2015/06/03,15:47:29,1,0,0,76,0,0
766109,2015/06/03,15:42:58,90,0,4,576,0,1
764730,2015/06/01,09:18:14,63,18,42,2277,1849,160
761910,2015/05/21,13:21:34,0,0,1,1,0,0
761905,2015/05/21,13:15:49,0,1,2,0,22,15
755356,2015/05/04,10:26:24,8,4,17,517,128,65
755341,2015/05/04,10:16:59,0,0,0,3,0,3
754146,2015/04/29,10:53:33,1,0,0,2255,0,0
744535,2015/04/01,15:57:47,0,0,1,0,0,4
744347,2015/04/01,11:51:47,0,0,4,0,0,11
741893,2015/03/25,10:58:01,0,0,2,3,0,6
741617,2015/03/24,16:19:22,0,0,1,0,0,1
741616,2015/03/24,16:18:44,0,0,1,0,0,1
741584,2015/03/24,15:51:47,0,0,2,0,3,1
741566,2015/03/24,15:36:44,0,0,2,3,0,2
737961,2015/03/13,11:33:12,0,0,4,0,0,4
737921,2015/03/13,10:54:45,0,0,2,2,0,1
737886,2015/03/13,10:13:06,0,0,1,0,0,1
737878,2015/03/13,09:52:07,0,0,1,2,0,0
737847,2015/03/13,09:16:48,0,0,1,0,0,1
737696,2015/03/12,18:56:36,0,0,2,0,0,2
737695,2015/03/12,18:49:23,0,0,1,0,0,2
737693,2015/03/12,18:42:17,0,0,1,1,1,0
736990,2015/03/11,13:58:48,0,0,1,0,1,0
736983,2015/03/11,13:39:33,0,0,2,2,1,0
736860,2015/03/11,10:14:05,0,0,2,0,0,2
736833,2015/03/11,09:51:08,0,0,1,0,0,4
736642,2015/03/10,17:04:33,0,0,1,0,0,1
736641,2015/03/10,17:03:49,0,0,1,0,0,1
736636,2015/03/10,17:01:19,0,0,1,0,0,1
736634,2015/03/10,16:54:44,0,0,1,0,0,2
736622,2015/03/10,16:36:47,0,0,1,0,1,5
736603,2015/03/10,16:19:14,0,0,1,0,0,2
736586,2015/03/10,16:11:40,0,0,1,0,0,4
736581,2015/03/10,16:08:53,0,0,0,0,0,0
733577,2015/03/02,09:59:25,7,0,1,1861,0,0
732605,2015/02/25,17:20:57,0,0,1,0,0,1
729791,2015/02/18,13:29:21,0,0,3,0,0,3
729789,2015/02/18,13:27:20,0,0,2,0,0,3
729759,2015/02/18,12:27:12,0,0,1,0,0,1
729744,2015/02/18,11:52:46,0,0,3,0,0,3
729741,2015/02/18,11:48:08,5,0,1,25971,0,0
729717,2015/02/18,11:16:27,0,0,2,0,0,2
729710,2015/02/18,11:05:53,0,0,1,1,0,0
724686,2015/02/02,11:42:00,1,0,0,69,0,0
722560,2015/01/26,17:31:40,0,0,3,6,0,15
721954,2015/01/23,12:53:35,0,0,1,0,0,1
721503,2015/01/22,12:38:44,3,0,0,150,0,0
720897,2015/01/20,17:45:53,0,0,5,11,4,13
713997,2014/12/16,15:09:53,0,0,6,18,0,9
712733,2014/12/11,11:09:09,0,0,3,1,6,0
710737,2014/12/04,15:07:03,0,0,6,51,0,6
710635,2014/12/04,13:17:23,0,0,2,12,0,0
710206,2014/12/03,14:04:10,0,0,13,30,0,39
710201,2014/12/03,14:01:59,394,0,0,19169,0,0
709662,2014/12/02,12:43:47,0,0,18,25,0,39
708581,2014/11/28,10:01:52,0,0,1,0,0,2
708543,2014/11/28,09:35:07,0,0,8,39,21,18
708237,2014/11/27,13:13:56,0,0,19,76,25,28
707835,2014/11/26,13:43:58,0,0,1,8,8,1
706992,2014/11/24,14:12:50,0,0,10,38,0,33
706956,2014/11/24,13:23:49,0,0,8,31,0,29
706949,2014/11/24,13:11:47,0,0,10,38,0,33
706597,2014/11/21,16:06:15,0,0,1,1,0,0
706060,2014/11/20,16:54:38,0,0,1,0,0,1
706059,2014/11/20,16:53:47,0,0,1,0,0,1
705945,2014/11/20,15:00:46,0,0,1,0,0,3
705942,2014/11/20,14:58:22,0,0,1,0,0,8
705934,2014/11/20,14:54:13,0,0,3,0,0,9
705931,2014/11/20,14:51:53,1,0,0,14,0,0
705920,2014/11/20,14:34:32,1,0,0,17,0,0
705858,2014/11/20,12:57:43,2,0,0,339471,0,0
705238,2014/11/18,17:17:56,0,0,2,0,1,0
705235,2014/11/18,17:13:42,0,0,1,0,0,1
705228,2014/11/18,17:09:19,0,0,1,1,0,4
705182,2014/11/18,16:31:08,0,0,3,1,0,2
705101,2014/11/18,15:04:38,0,0,1,0,0,2
705092,2014/11/18,14:55:39,0,0,2,0,0,5
705088,2014/11/18,14:53:20,0,0,0,0,0,0
705087,2014/11/18,14:50:42,0,0,0,0,0,0
705049,2014/11/18,14:11:03,0,0,1,7,0,0
705003,2014/11/18,13:12:30,0,0,3,15,8,3
704921,2014/11/18,10:48:10,0,0,1,0,4,0
704910,2014/11/18,10:43:49,0,0,1,0,4,0
704695,2014/11/17,16:17:40,0,1,0,0,74,0
704694,2014/11/17,16:17:09,0,0,0,0,0,0
704688,2014/11/17,16:16:22,0,0,1,0,0,1
704685,2014/11/17,16:08:45,0,0,0,0,0,0
704683,2014/11/17,16:07:38,0,0,1,0,3,0
704682,2014/11/17,16:04:23,0,0,1,3,0,0
699977,2014/10/31,14:28:09,0,0,2,6,6,14
699925,2014/10/31,13:21:25,0,0,2,1,0,2
699677,2014/10/30,17:02:49,0,0,8,27,11,35
699185,2014/10/29,14:27:48,0,0,1,2,1,5
699160,2014/10/29,13:41:15,0,0,1,0,0,6
699104,2014/10/29,11:51:49,4,0,7,493,5,16
698505,2014/10/27,16:43:09,0,0,1,1,0,0
698500,2014/10/27,16:30:24,0,0,1,1,2,0
698490,2014/10/27,16:07:00,0,0,5,6,8,12
697562,2014/10/23,05:52:57,0,0,1,0,0,1
696410,2014/10/17,13:44:50,0,0,3,11,0,1
696397,2014/10/17,13:14:05,0,0,3,7,8,4
696394,2014/10/17,12:52:25,0,0,3,6,2,14
696334,2014/10/17,10:53:04,0,0,3,14,3,4
696150,2014/10/16,16:57:24,0,0,1,0,0,1
696105,2014/10/16,16:02:45,0,0,1,0,0,0
696092,2014/10/16,15:49:11,0,0,4,3,0,2
695654,2014/10/15,14:49:19,0,0,3,14,0,6
693574,2014/10/08,15:03:57,1,0,2,92,0,0
692234,2014/10/02,15:01:19,0,0,3,13,2,4
691863,2014/10/01,13:26:55,0,0,2,0,0,2
691862,2014/10/01,13:24:47,0,0,0,0,0,0
691861,2014/10/01,13:24:41,0,0,0,0,0,0
691859,2014/10/01,13:23:11,0,1954,0,0,632840,0
691858,2014/10/01,13:18:53,0,0,2,0,0,2
691853,2014/10/01,13:09:33,0,0,2,0,0,2
691852,2014/10/01,13:08:12,0,0,0,0,0,0
691843,2014/10/01,13:03:51,0,0,0,0,0,0
691842,2014/10/01,13:03:35,0,0,1,0,0,1
691840,2014/10/01,13:01:08,0,0,0,0,0,0
691838,2014/10/01,12:59:23,0,1535,0,0,521091,0
691836,2014/10/01,12:57:44,0,0,0,0,0,0
691832,2014/10/01,12:55:57,0,0,0,0,0,0
691830,2014/10/01,12:51:32,0,226,0,0,35411,0
691829,2014/10/01,12:48:29,0,0,0,0,0,0
676900,2014/08/01,10:31:08,0,0,1,0,0,0
676284,2014/07/31,10:00:26,0,0,1,0,0,0
675873,2014/07/30,11:34:29,0,0,1,0,0,0
675845,2014/07/30,10:45:12,0,0,1,0,0,6
673196,2014/07/21,14:36:06,5,0,0,91696,0,0
672685,2014/07/18,13:42:45,0,0,1,0,4,3
672326,2014/07/17,14:10:29,0,0,1,0,1,3
672271,2014/07/17,12:52:40,0,0,1,0,0,1
672242,2014/07/17,11:52:19,0,0,1,0,6,3
672206,2014/07/17,11:19:53,2,0,0,110,0,0
670682,2014/07/11,15:01:28,0,0,2,3,0,5
670649,2014/07/11,14:25:45,0,0,1,0,0,2
670648,2014/07/11,14:23:52,0,0,0,16,3,20
669724,2014/07/09,10:12:18,0,0,1,2,0,0
669577,2014/07/08,17:45:39,0,0,2,3,0,5
669571,2014/07/08,17:33:23,0,0,2,3,0,3
669570,2014/07/08,17:33:05,0,0,2,3,0,10
669567,2014/07/08,17:28:24,0,0,2,3,0,5
669565,2014/07/08,17:22:38,0,0,2,3,0,2
669563,2014/07/08,17:20:36,0,0,3,4,0,9
669555,2014/07/08,17:06:55,0,0,3,0,0,6
669546,2014/07/08,17:01:50,0,0,0,35,8,32
668903,2014/07/04,14:16:59,0,0,1,0,0,1
668899,2014/07/04,14:06:53,1,0,0,29,0,0
668796,2014/07/04,10:25:06,0,0,2,1,0,5
668500,2014/07/03,14:15:26,161,0,0,9330,0,0
667381,2014/06/30,17:00:12,0,0,2,3,0,5
667376,2014/06/30,16:55:11,0,0,1,0,1,0
667365,2014/06/30,16:42:14,0,0,2,3,0,3
667364,2014/06/30,16:42:09,0,0,2,3,0,2
667358,2014/06/30,16:37:34,0,0,2,3,0,5
667357,2014/06/30,16:31:58,0,0,2,3,0,2
667356,2014/06/30,16:30:18,0,0,3,4,0,9
667347,2014/06/30,16:17:51,0,0,1,0,0,1
667319,2014/06/30,15:21:03,0,0,3,0,0,6
667316,2014/06/30,15:13:33,0,0,0,0,0,17
667269,2014/06/30,14:01:08,0,0,1,1,0,1
667002,2014/06/27,17:25:59,802,0,0,476940,0,0
666972,2014/06/27,16:32:37,0,0,2,3,0,6
666957,2014/06/27,16:15:52,0,0,2,3,0,3
666956,2014/06/27,16:15:47,0,0,2,3,0,9
666952,2014/06/27,16:11:16,0,0,2,3,0,5
666948,2014/06/27,16:05:12,0,0,2,3,0,2
666946,2014/06/27,16:03:27,0,0,3,4,0,9
666942,2014/06/27,15:53:16,0,0,1,0,0,3
666937,2014/06/27,15:44:05,0,0,5,0,0,13
666930,2014/06/27,15:42:35,0,0,0,118,55,115
666602,2014/06/26,16:08:39,0,0,2,2,0,5
666481,2014/06/26,13:47:20,0,0,1,0,0,1
665937,2014/06/25,13:00:34,0,0,14,30,7,27
664750,2014/06/20,11:25:29,0,0,2,3,0,1
664749,2014/06/20,11:25:18,0,0,2,3,0,5
664746,2014/06/20,11:22:23,0,0,2,3,0,3
664742,2014/06/20,11:15:10,0,0,2,3,0,6
664740,2014/06/20,11:13:01,0,0,3,4,0,8
664738,2014/06/20,11:09:26,0,0,1,1,1,6
664719,2014/06/20,10:56:40,0,0,5,0,0,21
664715,2014/06/20,10:45:43,0,0,0,157,52,172
664706,2014/06/20,10:27:14,0,0,12,0,0,0
663263,2014/06/13,14:22:27,646,0,0,84208,0,0
663246,2014/06/13,13:42:54,484,0,0,143362,0,0
662974,2014/06/12,15:08:04,0,0,1,0,0,1
662969,2014/06/12,14:52:16,0,0,1,0,0,2
662851,2014/06/12,11:23:36,0,0,1,1,0,2
662845,2014/06/12,11:17:19,0,0,4,6,0,3
662365,2014/06/10,16:47:41,0,0,1,2,0,0
662279,2014/06/10,13:31:33,0,0,2,10,1,5
662011,2014/06/06,17:49:53,0,0,1,3,3,0
661941,2014/06/06,15:07:09,0,0,3,5,2,2
661936,2014/06/06,15:01:15,0,0,2,3,1,1
661858,2014/06/06,11:48:29,0,0,1,0,0,1
661854,2014/06/06,11:39:27,0,0,0,0,4,30
661851,2014/06/06,11:35:44,0,0,0,0,0,15
661676,2014/06/05,16:24:45,0,0,15,0,4,30
661623,2014/06/05,14:08:19,0,0,2,0,2,2
661344,2014/06/04,16:43:11,0,0,4,10,1,0
661315,2014/06/04,15:32:06,0,0,4,3,0,11
661293,2014/06/04,14:55:45,0,0,2,0,0,17
661257,2014/06/04,13:38:26,0,0,3,3,0,1
661020,2014/06/03,16:47:45,2,0,0,95,0,0
660613,2014/06/02,17:53:34,0,0,4,11,0,13
659997,2014/05/28,16:02:39,8,0,5,389,0,4
659941,2014/05/28,15:00:52,0,0,7,28,21,28
659557,2014/05/27,16:26:28,0,0,2,8,0,6
659554,2014/05/27,16:26:02,0,0,13,24,7,24
659372,2014/05/27,11:45:44,0,0,1,5,0,0
659108,2014/05/26,14:35:46,0,0,1,0,0,6
659097,2014/05/26,14:16:57,0,0,1,0,0,2
659090,2014/05/26,13:59:32,0,0,1,2,1,1
657986,2014/05/21,19:06:58,0,0,2,3,7,9
657985,2014/05/21,19:06:47,0,0,2,3,0,3
657984,2014/05/21,19:04:18,0,0,2,3,0,8
657981,2014/05/21,18:57:43,0,0,2,3,0,3
657979,2014/05/21,18:56:16,0,0,3,4,0,10
657873,2014/05/21,14:27:30,0,0,12,1,0,1
657593,2014/05/20,14:55:25,1,0,2,16,0,9
657590,2014/05/20,14:53:00,2,1,9,100,11,10
657448,2014/05/20,10:55:33,0,0,2,3,0,8
657254,2014/05/19,16:33:33,0,0,6,26,0,0
657198,2014/05/19,15:31:38,0,0,2,3,0,7
657141,2014/05/19,13:51:00,504,0,0,288814,0,0
656642,2014/05/16,12:51:01,0,0,1,1,0,0
656565,2014/05/16,10:53:34,3,0,0,117,0,0
656535,2014/05/16,09:50:50,0,0,3,10,6,5
656534,2014/05/16,09:50:19,0,4,5,9,377,6
656279,2014/05/15,14:14:55,0,0,1,1,0,1
656278,2014/05/15,14:14:10,0,0,1,1,0,1
656253,2014/05/15,13:30:38,0,0,2,3,0,3
656149,2014/05/15,10:08:34,0,0,1,0,0,1
655870,2014/05/14,15:44:54,0,0,2,3,0,6
655869,2014/05/14,15:44:47,0,0,2,3,0,10
655865,2014/05/14,15:42:54,0,0,2,3,0,4
655855,2014/05/14,15:37:15,0,0,2,3,0,1
655852,2014/05/14,15:35:54,0,0,3,4,0,8
655838,2014/05/14,15:21:13,0,0,5,0,0,11
655832,2014/05/14,15:12:55,0,0,1,0,0,3
655823,2014/05/14,15:09:23,0,6,0,44,347,78
655822,2014/05/14,15:06:44,0,0,1,0,0,1
655785,2014/05/14,14:14:47,0,0,4,0,18,5
655630,2014/05/14,10:45:19,0,0,3,0,0,3
655458,2014/05/13,16:42:58,0,0,1,1,0,3
655450,2014/05/13,16:12:40,0,6,1,0,303,0
655408,2014/05/13,15:06:49,0,0,6,15,2,18
655193,2014/05/13,10:19:56,0,0,0,0,0,0
655187,2014/05/13,10:15:21,0,220,0,0,24463,0
654972,2014/05/12,15:47:03,0,0,2,13,3,3
654863,2014/05/12,12:27:05,0,0,1,0,0,5
654099,2014/05/08,16:17:01,0,0,2,3,0,5
654073,2014/05/08,15:41:01,0,0,2,3,0,3
654071,2014/05/08,15:40:50,0,0,2,3,0,1
654070,2014/05/08,15:38:43,0,0,2,3,0,4
654068,2014/05/08,15:32:12,0,0,2,3,0,1
654066,2014/05/08,15:30:35,0,0,3,4,0,15
654065,2014/05/08,15:30:24,0,0,1,0,0,6
654053,2014/05/08,15:15:52,0,0,5,1,0,11
654050,2014/05/08,15:12:31,0,1,0,94,243,107
653860,2014/05/08,10:49:18,0,0,1,5,6,1
653855,2014/05/08,10:41:19,0,0,1,2,0,5
653853,2014/05/08,10:32:38,0,0,1,0,0,1
653830,2014/05/08,09:52:33,0,0,6,15,6,7
653564,2014/05/07,13:54:40,0,0,1,2,0,0
653561,2014/05/07,13:51:10,0,0,2,10,0,4
653486,2014/05/07,11:48:53,0,0,1,2,0,0
653483,2014/05/07,11:47:03,0,0,1,5,0,0
653468,2014/05/07,11:27:26,0,0,3,2,0,4
653422,2014/05/07,10:43:34,0,0,2,12,0,4
653402,2014/05/07,10:00:25,0,0,1,6,0,5
653144,2014/05/06,15:03:25,0,0,2,10,0,1
652979,2014/05/06,10:39:17,0,0,2,3,0,6
652978,2014/05/06,10:38:57,0,0,2,3,0,1
652975,2014/05/06,10:36:30,0,0,2,3,0,4
652972,2014/05/06,10:29:49,0,0,2,3,0,1
652970,2014/05/06,10:28:30,0,0,3,4,0,16
652956,2014/05/06,10:14:43,0,0,5,0,0,12
652954,2014/05/06,10:13:47,0,1,0,141,122,99
652536,2014/05/05,10:15:22,0,0,1,2,2,3
651915,2014/04/30,12:37:38,0,0,3,3,0,4
651909,2014/04/30,12:18:39,0,0,1,0,0,1
651905,2014/04/30,12:04:14,0,0,2,0,0,0
651902,2014/04/30,11:55:28,1,0,4,837,0,1
651874,2014/04/30,10:58:55,0,0,1,8,2,0
651695,2014/04/29,17:34:00,0,0,1,2,0,4
651681,2014/04/29,17:15:01,0,0,1,5,4,6
651516,2014/04/29,13:36:13,0,0,1,0,1,0
651512,2014/04/29,13:31:45,0,0,5,0,0,5
651511,2014/04/29,13:31:40,0,0,1,6,4,1
651395,2014/04/29,10:23:02,0,0,2,3,0,4
651394,2014/04/29,10:22:56,0,0,2,3,0,1
651393,2014/04/29,10:21:08,0,0,2,3,0,4
651389,2014/04/29,10:15:51,0,0,2,3,0,1
651387,2014/04/29,10:14:33,0,0,3,4,0,7
651380,2014/04/29,09:59:51,0,0,5,0,0,12
651372,2014/04/29,09:47:48,0,0,0,43,13,52
651348,2014/04/29,09:26:35,0,90,0,0,8834,0
651237,2014/04/28,16:33:37,0,0,8,11,0,3
651200,2014/04/28,15:46:04,0,0,1,1,1,0
651183,2014/04/28,15:19:46,0,0,3,11,2,8
651166,2014/04/28,14:58:19,0,0,17,1,0,34
649849,2014/04/22,15:11:47,0,0,2,3,0,6
649803,2014/04/22,14:16:55,0,0,1,0,0,1
649799,2014/04/22,14:11:04,0,0,1,65,19,100
649784,2014/04/22,13:29:38,0,0,1,0,0,1
649755,2014/04/22,11:49:11,0,0,2,4,0,9
649754,2014/04/22,11:49:00,0,0,2,3,0,3
649753,2014/04/22,11:47:11,0,0,2,3,0,9
649751,2014/04/22,11:41:43,0,0,2,3,0,3
649750,2014/04/22,11:40:23,0,0,3,4,0,16
649746,2014/04/22,11:26:35,0,0,5,0,0,23
649745,2014/04/22,11:24:34,0,6,0,99,458,158
649724,2014/04/22,10:46:46,1,0,3,3,1,5
649284,2014/04/17,11:30:20,0,0,4,8,0,4
649266,2014/04/17,10:47:28,0,0,3,2,0,4
649261,2014/04/17,10:23:03,0,0,1,0,0,2
649247,2014/04/17,10:13:08,0,0,1,5,0,0
649242,2014/04/17,10:03:36,0,0,3,13,5,2
649085,2014/04/16,17:25:56,0,0,3,4,0,3
649037,2014/04/16,16:30:03,0,0,2,0,0,3
649035,2014/04/16,16:25:33,0,0,5,0,0,15
649034,2014/04/16,16:24:35,0,0,5,1,0,10
648978,2014/04/16,15:08:50,0,0,2,2,1,1
648974,2014/04/16,15:01:43,0,0,2,3,0,8
648973,2014/04/16,15:01:35,0,0,2,3,0,3
648972,2014/04/16,15:01:07,0,0,2,3,0,3
648971,2014/04/16,15:00:39,0,0,2,3,0,3
648970,2014/04/16,15:00:16,0,0,3,4,0,6
648962,2014/04/16,14:46:07,0,0,2,3,0,3
648961,2014/04/16,14:45:57,0,0,2,3,0,1
648955,2014/04/16,14:43:45,0,0,2,3,0,4
648950,2014/04/16,14:37:24,0,0,2,3,0,1
648947,2014/04/16,14:35:54,0,0,3,4,0,16
648939,2014/04/16,14:20:31,0,0,5,0,0,13
648938,2014/04/16,14:19:16,0,613,0,18,232726,16
648927,2014/04/16,14:13:59,0,0,1,7,0,0
648896,2014/04/16,13:31:17,1,0,2,25,1,7
648895,2014/04/16,13:30:01,0,0,2,3,0,8
648894,2014/04/16,13:29:52,0,0,2,3,0,3
648893,2014/04/16,13:29:27,0,0,2,3,0,3
648892,2014/04/16,13:29:03,0,0,2,3,0,3
648891,2014/04/16,13:28:43,0,0,3,4,0,6
648890,2014/04/16,13:26:36,0,0,2,3,0,8
648889,2014/04/16,13:26:26,0,0,2,3,0,3
648888,2014/04/16,13:26:00,0,0,2,3,0,3
648887,2014/04/16,13:25:35,0,0,2,3,0,3
648886,2014/04/16,13:25:14,0,0,3,4,0,6
648884,2014/04/16,13:22:06,0,0,2,8,0,8
648883,2014/04/16,13:21:59,0,0,2,3,0,3
648882,2014/04/16,13:21:35,0,0,2,3,0,3
648881,2014/04/16,13:21:09,0,0,2,3,0,3
648880,2014/04/16,13:20:49,0,0,3,4,0,6
648874,2014/04/16,13:11:35,0,0,2,3,0,8
648873,2014/04/16,13:11:29,0,0,2,3,0,3
648872,2014/04/16,13:11:04,0,0,2,3,0,3
648871,2014/04/16,13:10:40,0,0,2,3,0,3
648870,2014/04/16,13:10:19,0,0,3,4,0,6
648868,2014/04/16,13:07:36,0,0,2,3,0,5
648867,2014/04/16,13:07:26,0,0,2,3,0,3
648866,2014/04/16,13:07:00,0,0,2,3,0,3
648865,2014/04/16,13:06:31,0,0,2,3,0,3
648864,2014/04/16,13:06:09,0,0,3,4,0,6
648861,2014/04/16,13:04:44,0,0,2,3,0,3
648860,2014/04/16,13:04:18,0,0,2,3,0,3
648859,2014/04/16,13:03:53,0,0,2,3,0,3
648858,2014/04/16,13:03:32,0,0,3,4,0,6
648856,2014/04/16,13:02:17,0,0,2,3,0,3
648855,2014/04/16,13:01:55,0,0,3,4,0,6
648854,2014/04/16,12:59:03,0,0,2,5,0,3
648853,2014/04/16,12:58:54,0,0,2,3,0,3
648852,2014/04/16,12:58:29,0,0,2,3,0,3
648851,2014/04/16,12:58:03,0,0,2,3,0,3
648849,2014/04/16,12:57:42,0,0,3,8,0,2
648847,2014/04/16,12:55:14,0,0,2,5,0,3
648846,2014/04/16,12:55:06,0,0,2,3,0,3
648845,2014/04/16,12:54:38,0,0,2,3,0,3
648844,2014/04/16,12:54:14,0,0,2,3,0,3
648843,2014/04/16,12:53:50,0,0,3,8,0,2
648837,2014/04/16,12:49:39,0,0,2,5,0,2
648836,2014/04/16,12:49:31,0,0,2,3,0,3
648834,2014/04/16,12:49:04,0,0,2,3,0,3
648830,2014/04/16,12:48:39,0,0,2,3,0,3
648829,2014/04/16,12:48:19,0,0,3,8,0,2
648819,2014/04/16,12:39:01,2,0,0,12,0,0
648818,2014/04/16,12:38:57,0,0,2,3,0,10
648817,2014/04/16,12:36:45,0,0,2,3,0,3
648816,2014/04/16,12:36:19,0,0,2,3,0,3
648815,2014/04/16,12:35:57,0,0,3,8,0,2
648814,2014/04/16,12:32:27,0,0,2,3,0,6
648808,2014/04/16,12:25:53,1,0,1,58,0,1
648807,2014/04/16,12:23:59,0,0,3,4,0,6
648782,2014/04/16,11:37:15,1,0,2,64,0,7
648742,2014/04/16,10:47:31,0,0,5,0,0,21
648733,2014/04/16,10:44:42,0,22,0,122,903,253
648693,2014/04/16,10:11:32,0,0,17,12,0,34
648571,2014/04/15,18:13:57,0,0,1,1,0,2
648564,2014/04/15,17:35:56,0,0,5,9,4,20
648367,2014/04/15,13:21:11,0,0,2,2,0,2
648346,2014/04/15,12:28:02,0,0,1,0,0,2
648338,2014/04/15,11:39:03,0,0,1,2,0,5
648173,2014/04/14,18:24:20,3,0,6,286,5,1
648127,2014/04/14,16:43:05,0,0,2,3,5,6
647982,2014/04/14,13:33:26,0,0,6,6,8,7
647971,2014/04/14,13:16:04,0,0,2,7,1,0
647611,2014/04/11,17:12:48,7,7,26,197,196,53
647208,2014/04/10,18:25:40,0,0,3,10,0,7
647199,2014/04/10,18:05:49,0,0,1,0,0,1
647198,2014/04/10,18:05:00,0,0,0,0,0,0
647197,2014/04/10,18:04:16,0,1,0,0,23,0
647191,2014/04/10,18:01:08,1,0,0,28,0,0
647165,2014/04/10,17:06:28,0,1,2,0,23,0
647142,2014/04/10,16:38:21,0,0,1,0,0,1
647139,2014/04/10,16:37:16,0,0,2,0,8,1
647122,2014/04/10,16:29:47,0,0,2,8,2,0
647105,2014/04/10,16:19:34,0,0,1,0,0,1
647104,2014/04/10,16:17:35,0,0,0,0,0,0
647097,2014/04/10,16:10:37,1,0,2,30,0,0
647023,2014/04/10,14:51:04,0,0,2,3,0,6
647022,2014/04/10,14:46:09,0,0,2,0,0,2
647019,2014/04/10,14:44:31,0,0,0,0,0,1
647008,2014/04/10,14:30:46,0,22,3,16,1438,1
647002,2014/04/10,14:20:09,0,0,2,3,0,10
646999,2014/04/10,14:17:45,0,0,2,3,0,10
646994,2014/04/10,14:08:16,0,0,3,4,0,15
646967,2014/04/10,13:25:52,0,0,5,6,13,25
646963,2014/04/10,13:19:45,0,0,2,0,12,3
646961,2014/04/10,13:14:36,0,23,0,0,597,0
646960,2014/04/10,13:11:25,0,15,0,39,9648,31
646949,2014/04/10,13:01:47,0,15,2,0,9623,8
646936,2014/04/10,12:47:39,0,0,1,3,0,0
646933,2014/04/10,12:46:07,0,0,0,0,0,0
646929,2014/04/10,12:40:25,0,0,1,3,0,0
646869,2014/04/10,11:06:46,15,0,0,9623,0,0
644895,2014/04/03,17:41:57,0,0,1,0,0,1
644423,2014/04/02,17:34:51,0,0,2,0,0,7
644393,2014/04/02,16:43:14,0,0,1,0,0,2
644372,2014/04/02,16:19:00,0,0,2,11,0,0
644362,2014/04/02,15:41:51,0,0,5,14,21,20
644357,2014/04/02,15:35:39,0,0,1,0,0,2
644334,2014/04/02,14:37:21,0,0,1,0,0,2
644327,2014/04/02,14:34:07,0,0,1,0,0,2
644319,2014/04/02,14:27:36,0,0,2,1,0,4
644314,2014/04/02,14:19:56,0,0,2,0,0,8
644310,2014/04/02,14:16:02,0,0,1,0,0,2
644307,2014/04/02,14:13:27,0,0,1,0,2,3
644304,2014/04/02,14:07:26,2,0,5,71,15,24
644204,2014/04/02,10:37:11,0,0,1,1,0,4
644082,2014/04/01,18:04:30,0,0,3,6,0,2
644073,2014/04/01,17:32:46,0,0,1,0,0,0
644072,2014/04/01,17:32:30,0,0,1,0,0,0
644071,2014/04/01,17:31:44,0,0,2,0,0,0
644070,2014/04/01,17:31:26,0,0,3,0,0,0
644069,2014/04/01,17:31:25,0,0,2,3,0,3
644066,2014/04/01,17:30:42,0,0,2,3,0,8
644063,2014/04/01,17:28:59,0,0,2,3,0,3
644062,2014/04/01,17:28:03,0,0,3,6,0,3
644060,2014/04/01,17:23:39,0,0,6,0,0,28
644041,2014/04/01,17:13:30,0,0,0,1,30,17
644033,2014/04/01,17:02:51,2,0,11,111,47,17
643962,2014/04/01,14:40:02,0,0,2,8,0,0
643950,2014/04/01,14:05:12,0,0,2,3,0,4
643948,2014/04/01,14:03:34,0,0,2,3,0,10
643946,2014/04/01,14:00:48,0,0,2,3,0,1
643943,2014/04/01,13:58:46,0,0,3,4,0,8
643932,2014/04/01,13:44:07,0,0,5,0,0,22
643930,2014/04/01,13:41:14,0,0,0,32,15,18
643927,2014/04/01,13:39:36,0,0,7,23,0,1
643837,2014/04/01,10:52:50,0,0,5,8,15,11
643611,2014/03/31,16:34:30,0,0,5,1,0,16
643576,2014/03/31,15:06:23,0,0,2,3,0,1
643574,2014/03/31,15:04:53,0,0,2,3,0,10
643571,2014/03/31,15:02:35,0,0,2,3,0,2
643567,2014/03/31,15:00:07,0,0,3,4,0,14
643551,2014/03/31,14:46:33,0,0,5,0,0,22
643547,2014/03/31,14:43:01,0,0,0,19,30,35
643511,2014/03/31,14:16:22,0,0,9,15,8,18
642179,2014/03/26,14:02:06,0,0,8,0,0,13
642167,2014/03/26,13:22:56,0,0,2,2,2,3
641930,2014/03/25,18:12:33,0,0,2,3,0,4
641929,2014/03/25,18:11:19,0,0,2,3,0,2
641928,2014/03/25,18:09:08,0,0,2,3,0,1
641927,2014/03/25,18:06:57,0,0,3,4,0,8
641915,2014/03/25,17:41:55,0,0,5,0,0,22
641910,2014/03/25,17:33:48,0,2,0,149,591,199
641906,2014/03/25,17:28:04,0,0,3,6,1,1
641564,2014/03/25,10:55:48,0,0,2,0,2,0
641327,2014/03/24,16:57:15,0,0,1,0,2,0
641294,2014/03/24,16:21:16,0,0,1,7,0,0
641233,2014/03/24,15:23:02,0,0,3,16,0,2
640769,2014/03/21,17:03:06,0,0,2,9,0,0
640736,2014/03/21,15:55:51,0,0,6,0,2,20
640691,2014/03/21,14:44:58,0,0,1,0,2,1
640660,2014/03/21,14:06:12,0,0,1,0,0,4
640652,2014/03/21,14:00:38,0,0,1,0,0,4
640609,2014/03/21,13:23:24,0,0,4,4,0,10
640568,2014/03/21,11:34:25,2,0,0,88,0,0
640546,2014/03/21,11:14:29,0,0,1,0,0,1
640533,2014/03/21,10:54:37,0,0,1,2,0,0
640524,2014/03/21,10:35:27,0,0,1,0,0,2
640509,2014/03/21,10:01:56,0,0,1,0,0,3
640502,2014/03/21,09:52:59,0,0,1,1,2,0
640493,2014/03/21,09:43:30,0,0,1,0,0,5
640344,2014/03/20,17:02:42,0,0,1,0,0,3
640337,2014/03/20,17:00:25,0,0,1,0,0,2
640313,2014/03/20,16:44:33,0,0,1,0,0,3
640305,2014/03/20,16:30:08,0,0,1,0,0,3
640285,2014/03/20,15:55:01,0,0,1,6,0,1
640280,2014/03/20,15:38:42,1,0,1,96,0,0
640245,2014/03/20,14:44:41,0,0,1,0,0,1
640199,2014/03/20,13:50:47,0,0,1,0,0,2
640123,2014/03/20,11:40:07,0,0,1,0,0,2
640115,2014/03/20,11:33:43,0,0,1,0,0,5
640097,2014/03/20,11:15:22,1,0,0,38,0,0
640039,2014/03/20,09:45:25,0,0,2,6,0,4
639888,2014/03/19,17:42:11,0,0,1,2,0,8
639863,2014/03/19,16:48:41,0,2,9,20,504,41
639806,2014/03/19,15:40:00,2,0,5,151,2,5
639789,2014/03/19,15:17:45,1,0,21,27,11,38
639752,2014/03/19,14:31:15,0,0,1,4,2,0
639288,2014/03/18,17:18:00,0,0,3,9,10,7
639178,2014/03/18,14:56:46,0,0,2,3,0,1
639177,2014/03/18,14:55:23,0,0,2,3,0,6
639176,2014/03/18,14:52:46,0,0,2,3,0,4
639174,2014/03/18,14:50:39,0,0,3,6,0,3
639171,2014/03/18,14:48:35,0,0,4,0,0,18
639168,2014/03/18,14:45:30,0,0,0,0,0,1
639166,2014/03/18,14:43:20,0,0,1,0,0,1
639164,2014/03/18,14:41:38,0,0,3,6,0,2
639159,2014/03/18,14:37:58,1,0,2,63,0,8
639137,2014/03/18,14:14:29,0,0,4,0,0,21
639127,2014/03/18,14:09:31,0,2,0,53,497,65
639125,2014/03/18,14:05:13,0,0,1,0,0,1
639120,2014/03/18,14:02:33,0,0,2,0,0,2
639109,2014/03/18,13:49:23,0,0,3,14,0,1
639060,2014/03/18,12:05:18,0,0,10,10,34,10
639051,2014/03/18,11:51:49,0,0,2,1,4,2
638749,2014/03/17,18:04:27,0,0,3,1,4,11
638679,2014/03/17,16:06:41,1,0,7,47,11,16
638628,2014/03/17,15:01:29,1,1,7,116,96,38
638391,2014/03/17,10:36:38,1,0,0,16,0,0
638383,2014/03/17,10:33:13,0,18,2,0,1246,4
638378,2014/03/17,10:29:06,0,0,6,2,1,16
638372,2014/03/17,10:21:29,0,0,5,0,0,6
638365,2014/03/17,10:18:45,0,0,0,0,0,0
638353,2014/03/17,10:11:25,0,0,0,0,0,0
638349,2014/03/17,10:10:10,19,0,0,1336,0,0
637998,2014/03/14,15:11:22,0,2,1,4,53,0
637976,2014/03/14,14:50:01,17,0,0,92457,0,0
637964,2014/03/14,14:39:19,0,0,8,27,7,10
637867,2014/03/14,13:10:03,0,0,1,2,2,0
637624,2014/03/13,18:16:51,9,1,5,319,43,22
637487,2014/03/13,15:17:11,0,0,1,4,0,0
637484,2014/03/13,15:11:19,0,0,3,0,0,9
637470,2014/03/13,15:03:21,0,0,0,0,0,0
637431,2014/03/13,14:08:08,0,2,1,0,26,6
637429,2014/03/13,14:06:32,0,0,0,0,0,0
637360,2014/03/13,12:17:10,0,0,1,0,0,2
636545,2014/03/11,16:50:59,0,0,2,1,0,3
636461,2014/03/11,15:20:28,0,0,2,3,0,3
636460,2014/03/11,15:18:48,0,0,2,3,0,4
636459,2014/03/11,15:17:15,0,0,2,3,0,3
636458,2014/03/11,15:14:44,0,0,2,3,0,4
636450,2014/03/11,15:08:51,0,0,5,0,0,17
636444,2014/03/11,14:58:47,0,1,0,55,120,78
636422,2014/03/11,14:27:35,0,0,3,0,0,9
636420,2014/03/11,14:24:26,0,0,2,0,0,4
636398,2014/03/11,13:48:57,0,0,7,7,0,20
636345,2014/03/11,11:53:07,0,0,12,39,30,20
636022,2014/03/10,15:36:45,0,0,2,10,3,7
635979,2014/03/10,14:42:45,0,0,2,0,2,0
635973,2014/03/10,14:36:23,0,0,1,0,1,0
635968,2014/03/10,14:32:24,0,0,1,1,1,3
635948,2014/03/10,14:10:37,0,0,3,3,0,6
635865,2014/03/10,11:32:52,0,0,3,4,0,7
635653,2014/03/07,16:27:33,0,0,4,0,0,12
635524,2014/03/07,14:13:50,0,0,0,0,0,0
635447,2014/03/07,12:57:38,1,0,1,20,0,1
635446,2014/03/07,12:56:20,1,0,1,19,0,1
635445,2014/03/07,12:54:45,1,0,1,16,0,1
635444,2014/03/07,12:52:08,0,0,2,3,0,3
635440,2014/03/07,12:48:11,0,0,4,0,0,11
635439,2014/03/07,12:39:43,0,0,0,20,15,10
635436,2014/03/07,12:38:39,0,0,11,29,22,16
635391,2014/03/07,11:29:41,0,0,2,3,0,3
635388,2014/03/07,11:24:20,0,0,2,3,0,3
635367,2014/03/07,10:59:30,0,0,2,3,0,3
635363,2014/03/07,10:51:42,1,0,1,14,0,1
635359,2014/03/07,10:49:14,0,0,4,0,0,20
635356,2014/03/07,10:45:09,0,0,0,0,0,18
635355,2014/03/07,10:42:39,0,0,9,8,0,31
635322,2014/03/07,09:54:25,0,0,2,3,0,7
635314,2014/03/07,09:40:45,2,0,0,23,0,0
635311,2014/03/07,09:39:46,2,0,0,22,0,0
635305,2014/03/07,09:36:40,0,0,2,3,0,3
635304,2014/03/07,09:35:22,2,0,0,19,0,0
635302,2014/03/07,09:34:14,0,0,2,3,0,1
635300,2014/03/07,09:33:34,0,0,2,3,0,3
635288,2014/03/07,09:24:50,0,0,2,3,0,1
635274,2014/03/07,09:06:05,0,0,4,0,1,24
635269,2014/03/07,08:51:26,0,4,0,0,90,0
635266,2014/03/07,08:48:25,1,0,5,123,0,2
635127,2014/03/06,17:43:32,1,0,0,1,0,0
635126,2014/03/06,17:42:05,2,0,0,17,0,0
635090,2014/03/06,16:53:28,0,0,4,0,0,19
635068,2014/03/06,16:47:48,0,0,0,6,1,14
635064,2014/03/06,16:46:42,0,0,9,6,1,14
635018,2014/03/06,15:56:56,0,0,3,0,0,3
635015,2014/03/06,15:55:48,0,0,1,0,0,2
634980,2014/03/06,15:03:48,0,0,6,3,0,5
634970,2014/03/06,14:49:43,0,0,1,0,0,9
634964,2014/03/06,14:42:07,0,0,0,41,9,44
634959,2014/03/06,14:37:21,0,0,0,0,0,0
634941,2014/03/06,14:19:11,0,0,12,27,8,33
634887,2014/03/06,13:15:26,0,0,4,14,1,11
634577,2014/03/05,17:07:47,0,0,0,0,0,0
634567,2014/03/05,16:56:28,0,0,4,12,12,0
634551,2014/03/05,16:36:52,0,0,2,8,1,2
634514,2014/03/05,15:48:27,0,0,1,1,0,1
634485,2014/03/05,14:57:09,0,0,2,6,1,3
633944,2014/03/04,13:12:08,0,0,8,9,2,7
633906,2014/03/04,12:04:29,5,0,1,91,0,1
633902,2014/03/04,11:46:13,2,0,6,30,8,10
633882,2014/03/04,11:25:53,4,0,4,256,2,15
633797,2014/03/04,09:50:21,0,0,5,0,0,14
633642,2014/03/03,17:51:37,0,0,6,0,10,0
633627,2014/03/03,17:34:20,0,0,15,1,62,29
633141,2014/02/28,17:27:59,1,0,1,15,0,0
632437,2014/02/27,11:16:49,0,0,1,1,0,0
632193,2014/02/26,17:00:35,0,0,5,19,7,17
632059,2014/02/26,14:12:23,0,0,1,0,0,1
632058,2014/02/26,14:10:24,0,0,1,0,0,1
632055,2014/02/26,14:08:36,0,0,3,0,0,10
632053,2014/02/26,14:02:41,0,0,0,0,0,0
632045,2014/02/26,13:41:44,0,0,2,14,1,7
631790,2014/02/25,18:07:05,0,0,1,2,0,6
631675,2014/02/25,15:12:09,0,0,2,2,0,7
631624,2014/02/25,13:56:09,0,0,4,9,0,2
631590,2014/02/25,12:30:20,0,0,2,2,0,5
630687,2014/02/21,16:24:06,0,0,1,0,0,4
630663,2014/02/21,16:05:40,0,0,1,0,0,2
630581,2014/02/21,14:42:29,0,0,6,11,0,8
630348,2014/02/21,10:03:08,0,0,1,0,0,1
630346,2014/02/21,10:02:16,0,0,3,16,2,6
630191,2014/02/20,17:44:01,0,0,6,22,0,11
630026,2014/02/20,14:42:13,0,0,1,1,0,4
629996,2014/02/20,14:17:05,0,0,1,0,0,7
629940,2014/02/20,12:41:08,2,0,9,290,0,11
629876,2014/02/20,11:01:19,0,0,2,1,0,3
629875,2014/02/20,11:00:22,0,0,0,0,0,0
629650,2014/02/19,17:05:24,0,0,1,0,0,0
629475,2014/02/19,13:54:40,0,0,1,0,0,3
629426,2014/02/19,13:11:46,0,0,1,0,0,4
629296,2014/02/19,11:02:20,0,0,3,18,0,4
629290,2014/02/19,10:57:15,0,0,2,7,0,2
629241,2014/02/19,10:09:28,0,0,1,0,0,1
629238,2014/02/19,10:07:59,0,0,1,0,0,1
629237,2014/02/19,10:05:34,0,17,1,0,12287,2
629230,2014/02/19,10:01:16,0,0,1,0,0,1
629207,2014/02/19,09:50:23,0,0,2,8,0,1
629171,2014/02/19,09:14:24,0,0,1,0,6,0
629163,2014/02/19,09:07:43,0,0,1,0,0,3
629161,2014/02/19,09:05:14,0,0,3,8,0,1
629079,2014/02/18,18:11:07,0,0,1,0,0,3
628996,2014/02/18,15:48:08,2,0,9,205,7,30
628960,2014/02/18,15:12:26,0,0,1,0,0,7
628729,2014/02/18,10:00:56,0,0,2,8,0,0
628725,2014/02/18,09:52:37,0,0,10,2,0,19
628565,2014/02/17,17:23:02,0,0,7,39,1,3
628474,2014/02/17,15:45:36,0,0,11,49,0,11
628179,2014/02/17,09:34:35,0,0,1,0,2,0
627939,2014/02/14,16:49:23,0,0,4,0,0,4
627929,2014/02/14,16:42:06,0,0,4,0,0,4
627922,2014/02/14,16:35:02,0,0,8,12,3,23
627920,2014/02/14,16:32:16,0,0,1,0,0,1
627799,2014/02/14,15:14:37,0,0,2,0,3,2
627781,2014/02/14,15:02:11,0,0,1,0,0,2
627777,2014/02/14,14:58:26,0,0,2,8,1,9
627720,2014/02/14,14:11:06,0,0,3,0,3,7
627719,2014/02/14,14:10:51,0,0,6,12,2,19
627513,2014/02/14,09:04:42,0,0,4,6,0,3
627428,2014/02/13,18:11:08,0,0,3,11,7,13
627420,2014/02/13,17:51:02,0,2,9,19,73,4
627290,2014/02/13,15:39:10,0,0,1,0,1,0
627288,2014/02/13,15:37:44,0,0,2,5,3,7
627236,2014/02/13,14:30:52,0,0,1,0,0,3
627206,2014/02/13,13:58:42,0,0,1,4,0,0
627203,2014/02/13,13:57:50,0,0,4,3,0,8
626431,2014/02/11,18:52:38,0,0,8,5,0,37
626362,2014/02/11,16:52:56,0,0,1,0,0,1
626359,2014/02/11,16:49:21,0,0,1,0,0,5
626325,2014/02/11,16:13:34,0,0,1,0,0,1
626319,2014/02/11,16:00:57,0,0,1,1,0,0
626276,2014/02/11,14:50:32,0,0,3,0,0,3
626261,2014/02/11,14:38:53,0,0,6,1,0,5
626229,2014/02/11,13:59:25,0,0,1,0,0,1
626226,2014/02/11,13:56:27,0,0,5,0,0,20
626218,2014/02/11,13:49:29,0,0,1,0,0,0
626210,2014/02/11,13:44:56,0,0,0,0,0,0
626193,2014/02/11,13:37:31,0,0,2,0,0,2
626188,2014/02/11,13:35:12,0,0,1,0,0,2
626181,2014/02/11,13:33:10,0,0,1,0,0,1
626169,2014/02/11,13:28:05,0,0,1,0,0,2
626163,2014/02/11,13:24:09,0,0,6,0,0,8
626159,2014/02/11,13:17:57,0,0,2,0,0,8
626142,2014/02/11,13:02:45,0,0,0,0,0,0
626134,2014/02/11,12:52:07,0,0,27,0,0,40
626121,2014/02/11,12:39:51,0,0,1,0,0,2
626120,2014/02/11,12:37:57,0,0,0,0,0,0
626115,2014/02/11,12:34:09,0,0,1,0,0,4
626114,2014/02/11,12:31:32,0,0,1,0,0,1
626112,2014/02/11,12:28:11,0,0,0,0,0,0
626104,2014/02/11,12:23:55,0,0,0,0,0,0
626103,2014/02/11,12:23:10,0,0,0,0,0,0
626082,2014/02/11,11:45:33,2,0,0,82,0,0
626064,2014/02/11,11:23:56,0,0,1,0,0,0
625615,2014/02/10,11:15:10,2,0,8,99,11,7
625573,2014/02/10,10:13:55,0,0,10,34,0,9
625385,2014/02/07,18:02:09,0,0,3,6,0,8
625366,2014/02/07,17:09:35,0,0,1,0,0,4
625358,2014/02/07,16:50:16,2,0,5,209,1,9
624854,2014/02/06,18:26:09,0,0,2,0,0,5
624836,2014/02/06,17:19:43,0,0,2,0,7,0
624800,2014/02/06,16:40:18,6,1,1,144,21,3
624710,2014/02/06,14:46:33,1,0,7,44,28,20
624240,2014/02/05,15:00:19,0,0,3,12,0,0
622547,2014/01/30,18:53:49,0,0,3,17,0,0
621620,2014/01/28,17:50:20,0,2,25,2,80,74
621287,2014/01/28,12:42:34,0,0,2,11,11,1
621260,2014/01/28,11:42:16,2,2,10,71,97,36
621200,2014/01/28,10:28:36,2,2,9,118,102,8
621045,2014/01/27,18:23:17,4,0,1,185,0,0
620728,2014/01/27,11:26:03,0,0,9,5,14,15
620698,2014/01/27,10:57:37,0,0,1,0,0,3
620124,2014/01/23,17:11:35,0,0,2,3,1,2
620103,2014/01/23,16:46:01,2,2,12,94,122,24
620083,2014/01/23,16:00:37,0,0,6,19,0,14
619891,2014/01/23,11:21:04,0,0,3,11,0,0
619847,2014/01/23,10:05:11,0,0,1,0,0,1
619645,2014/01/22,14:54:08,0,0,2,0,0,4
619636,2014/01/22,14:43:03,2,0,6,230,3,1
619635,2014/01/22,14:42:51,4,0,6,496,0,0
619390,2014/01/21,18:10:45,0,0,2,0,0,9
619389,2014/01/21,18:10:29,0,0,3,0,0,13
619372,2014/01/21,17:32:42,2,0,6,216,3,8
619371,2014/01/21,17:32:23,0,0,6,11,3,10
619286,2014/01/21,14:49:46,4,0,8,518,9,12
619126,2014/01/21,11:00:25,1,1,26,87,60,72
618965,2014/01/20,18:13:52,2,0,4,156,0,2
618964,2014/01/20,18:10:40,4,0,8,499,0,20
618480,2014/01/17,17:12:06,0,0,2,2,0,3
618477,2014/01/17,17:06:46,0,0,0,0,0,0
618476,2014/01/17,17:06:41,0,0,1,0,0,1
618456,2014/01/17,16:38:57,2,2,3,152,127,3
618345,2014/01/17,14:19:20,2,0,9,168,5,24
618059,2014/01/16,17:14:17,0,0,1,0,0,5
618056,2014/01/16,17:07:06,0,0,3,9,12,7
618037,2014/01/16,16:35:24,0,0,4,4,0,8
618013,2014/01/16,15:47:43,0,0,3,0,0,4
617999,2014/01/16,15:31:40,2,0,5,95,0,0
617967,2014/01/16,14:54:06,2,0,5,92,6,12
617934,2014/01/16,13:45:00,4,0,7,451,32,12
617856,2014/01/16,11:16:07,0,0,4,6,0,14
617682,2014/01/15,18:34:56,4,0,0,374,0,0
617681,2014/01/15,18:34:44,0,0,3,6,6,6
617680,2014/01/15,18:34:28,4,0,1,396,0,0
617679,2014/01/15,18:34:21,12,0,6,423,0,6
617678,2014/01/15,18:33:54,0,0,2,2,0,8
617639,2014/01/15,17:29:24,0,0,2,7,0,9
617631,2014/01/15,17:10:20,0,0,2,0,7,0
617560,2014/01/15,14:42:05,6,0,1,293,0,2
617500,2014/01/15,12:47:02,1,0,8,28,5,21
617134,2014/01/14,12:52:04,0,0,3,2,0,3
617098,2014/01/14,11:08:59,0,0,3,2,0,5
616933,2014/01/13,18:02:36,30,0,0,1833,0,0
616929,2014/01/13,17:52:35,0,0,4,0,0,4
616490,2014/01/10,16:47:42,0,0,2,0,0,8
616477,2014/01/10,16:21:19,0,0,5,2,0,16
616449,2014/01/10,15:54:23,0,0,6,6,3,22
616116,2014/01/09,16:31:56,0,0,10,20,1,40
615939,2014/01/09,11:40:46,2,2,8,187,182,25
615858,2014/01/09,09:25:55,0,0,2,3,6,4
611243,2013/12/10,18:03:50,0,0,11,44,0,5
610693,2013/12/09,15:12:12,2,0,2,494,5,9
610689,2013/12/09,15:07:57,0,0,1,1,0,1
610677,2013/12/09,14:45:49,0,0,8,34,0,11
610629,2013/12/09,13:29:30,0,0,1,7,0,1
610530,2013/12/09,11:09:22,0,0,1,0,0,1
608887,2013/12/03,14:13:14,0,0,3,6,0,6
608871,2013/12/03,13:41:56,0,0,2,6,0,7
607976,2013/11/29,10:38:53,1,0,1,25,0,0
606508,2013/11/25,12:54:51,0,0,2,4,5,8
606502,2013/11/25,12:43:12,0,0,6,5,17,23
606127,2013/11/22,13:46:48,0,0,4,5,0,15
606126,2013/11/22,13:42:02,0,0,4,15,3,3
605819,2013/11/21,16:05:26,0,0,1,1,0,5
605818,2013/11/21,16:05:18,0,0,4,9,10,6
605739,2013/11/21,14:05:29,0,0,3,3,0,6
605738,2013/11/21,14:05:15,4,0,6,361,12,22
605654,2013/11/21,10:37:21,0,0,4,5,1,9
605652,2013/11/21,10:33:03,7,0,21,517,7,44
605141,2013/11/19,17:01:52,0,0,8,21,12,17
604239,2013/11/15,13:18:58,0,0,18,86,0,14
603880,2013/11/14,15:48:44,3,4,21,310,282,48
603457,2013/11/13,14:37:58,6,0,0,634,0,0
602816,2013/11/12,10:16:28,0,0,7,8,21,9
601210,2013/11/06,17:11:41,0,0,3,9,2,8
601147,2013/11/06,16:01:25,0,0,5,9,0,2
601121,2013/11/06,15:31:42,0,0,3,0,0,7
601112,2013/11/06,15:21:21,0,0,1,1,0,0
601111,2013/11/06,15:20:25,1,0,0,14,0,0
601100,2013/11/06,15:08:23,2,0,23,192,9,48
600899,2013/11/06,09:56:50,1,0,0,339,0,0
600789,2013/11/05,17:55:35,0,0,1,0,0,1
600766,2013/11/05,17:22:45,0,0,5,2,2,9
600756,2013/11/05,17:03:41,19,0,15,1187,10,22
600375,2013/11/04,17:11:00,0,0,1,3,0,0
600367,2013/11/04,17:04:21,0,0,2,0,0,2
600353,2013/11/04,16:39:30,0,0,2,0,0,3
600016,2013/10/31,16:40:04,0,0,1,3,0,0
600003,2013/10/31,16:05:07,0,0,1,3,0,0
599978,2013/10/31,15:35:37,0,0,2,2,2,4
599912,2013/10/31,14:06:53,2,0,16,105,2,22
599865,2013/10/31,13:00:54,0,0,1,0,0,5
599803,2013/10/31,10:52:29,0,0,2,4,6,0
599799,2013/10/31,10:48:55,1,2,7,68,101,13
599775,2013/10/31,10:04:32,0,0,1,0,0,1
599774,2013/10/31,10:02:30,0,0,1,2,2,0
599612,2013/10/30,16:18:32,0,0,1,0,5,0
599605,2013/10/30,16:10:48,0,0,5,0,8,8
599544,2013/10/30,14:52:47,0,0,2,0,4,1
599526,2013/10/30,14:38:11,1,1,5,51,47,3
599002,2013/10/29,09:44:31,0,0,1,0,3,0
598888,2013/10/28,16:56:19,0,0,2,2,0,0
598874,2013/10/28,16:38:05,0,0,2,2,2,10
598758,2013/10/28,13:58:59,0,0,2,2,0,13
598756,2013/10/28,13:57:21,0,0,2,11,0,3
598632,2013/10/28,09:50:49,0,0,1,4,3,0
598439,2013/10/25,15:46:23,0,0,1,0,0,4
598362,2013/10/25,14:03:39,0,0,1,9,0,1
598360,2013/10/25,14:02:31,0,0,4,15,2,1
598280,2013/10/25,11:44:14,0,0,2,6,0,2
598246,2013/10/25,11:00:23,1,0,7,50,4,3
598213,2013/10/25,10:26:53,1,0,2,47,0,0
598192,2013/10/25,09:37:23,0,0,1,0,0,2
597453,2013/10/23,15:06:57,0,0,1,1,0,0
597447,2013/10/23,15:00:34,0,0,0,0,0,0
597444,2013/10/23,14:53:48,0,0,0,0,0,0
597415,2013/10/23,14:27:29,0,0,4,0,0,18
597398,2013/10/23,14:03:38,0,0,0,0,0,0
597397,2013/10/23,14:03:31,0,0,0,0,0,0
597383,2013/10/23,13:52:22,0,0,0,0,0,0
597382,2013/10/23,13:52:16,0,0,0,0,0,0
597381,2013/10/23,13:52:11,0,0,0,0,0,0
597380,2013/10/23,13:52:06,0,0,0,0,0,0
597379,2013/10/23,13:52:01,0,0,0,0,0,0
597373,2013/10/23,13:48:30,0,0,0,0,0,0
597350,2013/10/23,13:25:03,0,0,0,0,0,0
597284,2013/10/23,11:23:17,0,0,4,12,0,8
596953,2013/10/22,14:57:31,0,0,5,8,0,19
596901,2013/10/22,13:55:41,0,0,2,9,4,0
596787,2013/10/22,11:32:50,0,0,3,7,0,3
596727,2013/10/22,10:13:41,1,0,12,109,0,29
595736,2013/10/17,16:00:45,0,0,5,7,0,15
595721,2013/10/17,15:33:19,0,0,1,0,6,0
595719,2013/10/17,15:32:10,0,0,1,0,0,2
595679,2013/10/17,14:18:58,0,0,1,0,0,7
595671,2013/10/17,14:05:57,2,0,5,191,2,6
595663,2013/10/17,13:45:06,1,0,5,29,0,7
595651,2013/10/17,13:21:49,0,0,1,2,0,1
595606,2013/10/17,10:58:27,0,0,3,0,0,3
595385,2013/10/16,16:05:27,0,0,3,3,0,0
595379,2013/10/16,15:52:34,0,0,2,2,1,1
595354,2013/10/16,15:14:14,0,0,1,0,0,1
595164,2013/10/16,10:31:25,0,0,4,10,14,27
595143,2013/10/16,09:58:56,12,0,12,3600,18,28
593374,2013/10/09,14:31:54,0,0,1,0,0,0
593214,2013/10/09,09:12:52,1,0,0,2125,0,0
592150,2013/10/02,15:13:36,0,0,1,0,0,1
592141,2013/10/02,15:04:36,0,0,1,0,0,5
588956,2013/09/19,12:33:24,0,0,2,0,1,2
588717,2013/09/18,15:17:50,0,0,6,22,0,5
588716,2013/09/18,15:17:31,0,0,1,7,6,2
588438,2013/09/17,18:07:20,0,0,1,0,0,1
588232,2013/09/17,13:18:20,0,0,1,0,2,4
587337,2013/09/12,17:00:50,850,0,0,37381,0,0
587081,2013/09/12,09:35:22,0,0,1,6,0,0
587080,2013/09/12,09:35:12,0,0,1,0,0,1
586903,2013/09/11,14:57:22,0,0,1,8,0,0
586286,2013/09/09,17:41:12,2154,0,0,926355,0,0
586279,2013/09/09,17:21:08,667,0,0,416827,0,0
586266,2013/09/09,16:58:41,2882,0,0,992778,0,0
585668,2013/09/05,16:48:00,0,0,1,0,0,5
582192,2013/08/23,11:11:17,0,0,1,0,0,2
581920,2013/08/22,16:13:40,1,0,3,2,0,5
581822,2013/08/22,14:29:10,0,0,1,0,0,3
581407,2013/08/21,14:56:54,0,0,1,2,1,0
580984,2013/08/20,15:18:58,5,0,4,428,0,10
580852,2013/08/20,11:03:58,4,0,4,243,3,5
580020,2013/08/14,16:08:58,0,0,8,21,13,31
579102,2013/08/12,15:45:32,0,0,1,3,0,0
573077,2013/07/22,17:10:11,0,0,9,32,7,20
571779,2013/07/16,17:01:23,0,0,14,55,3,34
569961,2013/07/09,16:41:13,0,0,2,6,0,3
569941,2013/07/09,16:17:43,0,0,2,0,0,10
569937,2013/07/09,16:15:20,0,0,2,0,6,2
569883,2013/07/09,15:08:47,0,0,6,26,0,3
568501,2013/07/04,10:33:38,0,0,1,2,0,2
568159,2013/07/03,11:38:40,0,0,3,8,0,10
566643,2013/06/27,10:47:42,0,0,6,0,0,6
562892,2013/06/13,09:33:21,0,0,2,3,0,2
562807,2013/06/12,18:41:09,0,0,3,9,0,0
562781,2013/06/12,17:45:33,0,0,5,12,1,11
562688,2013/06/12,15:34:22,0,0,4,14,1,7
562684,2013/06/12,15:32:14,0,0,3,7,0,13
562567,2013/06/12,13:33:12,0,0,2,8,4,9
562540,2013/06/12,11:37:25,0,0,1,0,0,4
562538,2013/06/12,11:28:32,0,0,1,1,0,5
562230,2013/06/11,13:03:15,0,0,1,3,0,8
561112,2013/06/06,10:05:03,0,0,1,3,0,0
561008,2013/06/05,17:54:12,1,0,0,216,0,0
560353,2013/06/04,15:34:45,0,0,1,3,0,1
560287,2013/06/04,13:42:20,2,2,1,6159,6020,0
559041,2013/05/28,13:18:28,0,0,1,7,0,0
558310,2013/05/24,16:33:30,1,0,2,132,0,1
558288,2013/05/24,15:30:51,0,0,1,4,9,0
558283,2013/05/24,15:21:25,4,0,19,429,14,35
558236,2013/05/24,13:26:55,0,0,1,0,0,2
558137,2013/05/24,10:14:32,0,0,1,4,0,0
558133,2013/05/24,10:09:39,3,0,0,104,0,0
558061,2013/05/23,18:47:41,0,0,11,36,0,13
558036,2013/05/23,17:03:53,0,0,7,16,8,33
558008,2013/05/23,16:06:28,0,0,12,43,4,29
557797,2013/05/23,10:13:33,0,0,4,13,0,0
557727,2013/05/22,18:12:08,0,0,2,3,2,9
557718,2013/05/22,17:51:35,0,0,2,4,0,2
557705,2013/05/22,17:25:24,0,0,5,12,7,21
557697,2013/05/22,17:12:14,0,0,18,66,24,57
557577,2013/05/22,14:26:08,0,0,3,10,10,12
557365,2013/05/21,17:39:54,0,0,4,10,0,2
557363,2013/05/21,17:33:21,0,0,14,43,5,12
557362,2013/05/21,17:32:00,0,0,5,6,0,9
557314,2013/05/21,15:40:55,2,0,5,140,0,7
556954,2013/05/17,17:06:36,0,0,5,9,3,1
556780,2013/05/17,13:45:36,0,0,1,0,0,3
556779,2013/05/17,13:44:56,2,0,7,156,0,12
556547,2013/05/16,19:06:13,14,0,4,994,1,4
555878,2013/05/16,16:04:37,3,0,3,255,0,4
555853,2013/05/16,15:27:59,0,0,6,0,12,0
555747,2013/05/16,11:44:49,0,0,5,0,1,6
555575,2013/05/15,17:44:57,0,0,1,5,0,0
555559,2013/05/15,17:13:53,0,0,1,0,0,0
555469,2013/05/15,14:59:15,0,0,1,0,0,3
555453,2013/05/15,14:22:53,17,9,3,527,209,4
555398,2013/05/15,12:51:02,0,0,6,0,5,5
555372,2013/05/15,11:46:53,1,0,4,68,4,9
555363,2013/05/15,11:27:56,0,0,7,6,0,22
555357,2013/05/15,11:12:30,0,0,2,6,3,5
555343,2013/05/15,10:30:22,0,0,1,0,0,1
555336,2013/05/15,10:06:34,0,1,28,16,106,35
551767,2013/04/29,16:26:29,0,0,2,0,0,2
549331,2013/04/19,17:30:56,0,0,1,0,1,6
549330,2013/04/19,17:30:12,0,0,1,0,0,2
549261,2013/04/19,16:17:46,0,0,1,5,0,0
549260,2013/04/19,16:15:11,0,0,1,6,0,8
549258,2013/04/19,16:14:17,0,0,1,2,0,3
549236,2013/04/19,15:26:54,0,0,1,0,5,0
549235,2013/04/19,15:26:09,0,0,1,8,0,0
549213,2013/04/19,14:40:34,0,0,1,3,0,1
549015,2013/04/19,09:59:13,0,0,1,0,0,1
548890,2013/04/18,15:41:24,0,0,1,0,0,1
547825,2013/04/15,14:50:38,0,0,6,11,7,24
547656,2013/04/15,10:33:29,44,0,0,2900,0,0
546073,2013/04/08,16:56:00,0,0,2,3,0,8
546069,2013/04/08,16:44:32,0,0,3,4,8,4
546061,2013/04/08,16:30:41,0,0,3,0,0,3
546060,2013/04/08,16:29:22,0,0,1,5,0,8
545737,2013/04/05,16:09:16,0,0,22,59,23,57
545378,2013/04/04,16:55:43,0,0,20,50,19,48
545318,2013/04/04,15:02:41,4,0,9,178,0,20
545070,2013/04/03,17:09:15,2,0,12,84,13,29
543196,2013/03/22,16:03:48,0,0,12,22,2,25
542950,2013/03/21,18:12:18,0,0,12,16,12,8
542735,2013/03/21,11:29:06,18,0,7,2481,4,22
540927,2013/03/14,10:26:08,0,0,2,11,4,4
539714,2013/03/08,17:09:31,0,0,1,0,0,5
539708,2013/03/08,16:59:45,10,1,4,890,14,3
539600,2013/03/08,15:03:10,3,0,3,77,2,1
539410,2013/03/08,11:31:48,0,0,2,0,0,3
539384,2013/03/08,10:48:09,0,0,6,3,3,15
539374,2013/03/08,10:28:27,8,44,13,606,1802,42
539067,2013/03/07,13:47:27,0,0,0,0,0,0
539066,2013/03/07,13:47:08,0,0,0,0,0,0
539062,2013/03/07,13:45:52,2,6,87,6020,25768,1
538425,2013/03/05,17:02:16,0,0,2,2,8,9
538409,2013/03/05,16:37:04,0,0,4,0,0,4
538371,2013/03/05,15:39:28,0,0,8,4,6,3
538329,2013/03/05,14:14:07,0,0,2,2,0,3
538284,2013/03/05,12:45:57,0,0,1,1,0,0
538248,2013/03/05,11:37:52,2,0,5,180,5,4
538190,2013/03/05,10:26:02,3,0,9,410,7,7
537900,2013/03/04,11:20:26,0,0,1,0,0,1
537895,2013/03/04,11:12:18,0,3,0,0,401,0
537893,2013/03/04,11:10:07,0,0,2,0,15,0
537869,2013/03/04,10:30:14,0,0,2,15,0,0
537842,2013/03/04,09:47:57,0,0,1,0,0,0
537838,2013/03/04,09:43:15,0,0,2,0,15,0
537588,2013/03/01,16:21:27,0,0,1,2,0,0
537571,2013/03/01,16:15:04,0,0,1,7,0,0
537511,2013/03/01,15:02:37,0,0,1,2,1,0
537229,2013/02/28,17:41:13,0,0,2,8,0,1
537202,2013/02/28,16:59:55,3,0,2,403,2,4
537188,2013/02/28,16:36:32,0,0,1,0,0,6
537174,2013/02/28,16:11:36,0,0,1,0,5,7
537169,2013/02/28,16:06:34,0,0,1,0,0,1
537134,2013/02/28,14:44:28,0,0,12,26,6,1
537111,2013/02/28,14:05:10,0,0,1,0,0,1
537109,2013/02/28,14:04:20,0,0,1,8,0,0
537074,2013/02/28,12:50:50,0,0,5,0,0,17
537057,2013/02/28,11:49:17,0,0,5,0,8,13
537041,2013/02/28,11:04:36,2,0,0,34,0,0
537013,2013/02/28,10:03:51,0,0,1,0,0,0
536903,2013/02/27,17:30:47,5,4,26,155,125,94
536817,2013/02/27,13:23:57,20,4,2,780,324,6
536752,2013/02/27,11:01:02,0,0,3,5,1,2
535887,2013/02/22,13:24:13,2,0,4,141,3,14
535886,2013/02/22,13:21:09,0,4,0,0,108,0
535882,2013/02/22,13:19:04,0,0,4,0,10,1
535860,2013/02/22,12:38:15,0,0,14,2,36,24
535826,2013/02/22,11:14:03,0,2,1,2,33,1
535792,2013/02/22,09:45:34,0,0,3,7,9,11
535791,2013/02/22,09:45:23,3,0,27,125,25,57
534154,2013/02/15,17:30:38,12,0,0,342,0,0
534153,2013/02/15,17:29:57,0,6,14,11,292,17
534090,2013/02/15,14:43:06,0,0,0,0,0,3
534089,2013/02/15,14:42:57,2,0,40,97,19,149
534088,2013/02/15,14:42:38,0,0,0,0,0,3
533867,2013/02/14,18:23:12,4,0,7,245,10,19
533669,2013/02/14,12:36:41,0,0,2,3,4,3
533661,2013/02/14,12:30:37,0,1,2,7,70,3
533490,2013/02/13,17:51:09,0,0,4,5,7,17
533408,2013/02/13,14:23:04,11,1,16,831,33,16
533183,2013/02/12,15:04:18,0,0,1,0,0,4
532949,2013/02/11,16:47:00,3,0,0,72,0,0
532946,2013/02/11,16:44:32,0,3,1,0,72,4
532944,2013/02/11,16:41:06,3,3,2,72,72,9
532934,2013/02/11,16:10:26,0,0,7,34,13,16
532598,2013/02/08,17:17:42,1,1,11,59,32,31
532164,2013/02/07,18:45:14,2,0,0,174,0,0
532161,2013/02/07,18:44:16,2,0,10,212,12,21
531096,2013/02/05,17:35:18,4,0,21,585,31,49
530942,2013/02/05,14:56:44,0,62,0,0,6898,0
530813,2013/02/05,12:38:05,11,0,0,1307,0,0
530805,2013/02/05,12:33:22,0,11,0,0,1307,0
530800,2013/02/05,12:28:59,4,0,23,319,10,47
530034,2013/02/01,16:50:40,10,8,3,860,606,2
529911,2013/02/01,13:11:47,0,0,1,5,0,2
529628,2013/01/31,16:22:27,0,0,19,39,4,48
528820,2013/01/29,18:46:14,0,0,2,1,0,0
528428,2013/01/28,16:44:45,0,0,1,0,0,2
526987,2013/01/22,16:50:04,0,0,2,2,3,9
526977,2013/01/22,16:26:40,4,2,5,182,91,18
526949,2013/01/22,15:44:37,8,5,12,392,230,45
526834,2013/01/22,11:26:47,3,3,1,72,72,2
526831,2013/01/22,11:15:05,1,1,1,34,33,0
525337,2013/01/16,11:14:59,2,2,2,32,29,5
525296,2013/01/16,10:43:18,0,0,3,0,0,14
525292,2013/01/16,10:30:15,0,0,6,0,15,38
525198,2013/01/15,17:29:38,33,18,7,2067,1219,26
524891,2013/01/14,17:32:50,1,0,0,33,0,0
524889,2013/01/14,17:29:24,0,0,1,0,0,3
524888,2013/01/14,17:28:07,3,0,0,72,0,0
524863,2013/01/14,16:40:17,2,2,3,41,41,5
524800,2013/01/14,15:34:45,1,1,2,12,16,0
524195,2013/01/10,17:44:32,0,0,1,0,2,0
523767,2013/01/09,17:06:24,0,0,1,4,0,0
523723,2013/01/09,15:59:23,0,0,1,0,0,2
523721,2013/01/09,15:59:06,0,0,3,2,0,3
523700,2013/01/09,15:45:30,0,0,2,1,0,4
523662,2013/01/09,14:41:36,2,4,8,183,196,13
523660,2013/01/09,14:36:47,0,0,11,0,0,24
523637,2013/01/09,14:11:20,1,0,0,55,0,0
523611,2013/01/09,13:43:01,0,0,1,1,0,0
523600,2013/01/09,13:25:46,0,0,1,0,0,3
523594,2013/01/09,13:16:28,0,0,1,2,0,8
523553,2013/01/09,11:51:30,1,0,7,49,0,11
523258,2013/01/08,11:50:22,2,3,4,87,124,11
523227,2013/01/08,11:03:36,0,6,1,0,238,1
523224,2013/01/08,10:51:41,1,0,1,46,0,0
523221,2013/01/08,10:43:54,6,0,1,303,0,4
523217,2013/01/08,10:34:24,5,5,2,192,268,7
520617,2012/12/18,16:09:59,0,0,4,0,14,2
520580,2012/12/18,15:29:19,0,0,2,10,0,2
520534,2012/12/18,14:25:32,0,0,2,2,0,3
520518,2012/12/18,14:01:18,0,0,2,0,0,2
520486,2012/12/18,13:21:12,0,0,4,2,13,6
519871,2012/12/14,16:30:09,6,0,0,236,0,0
519847,2012/12/14,16:02:05,5,0,5,320,3,0
519220,2012/12/12,17:34:42,0,0,1,3,1,0
519219,2012/12/12,17:33:50,0,0,1,9,1,0
519215,2012/12/12,17:30:39,0,0,4,8,2,0
519209,2012/12/12,17:22:42,0,0,1,0,0,2
519208,2012/12/12,17:21:04,0,0,1,0,0,2
519204,2012/12/12,17:15:14,0,0,1,0,0,1
519199,2012/12/12,17:06:23,0,0,1,0,0,2
519197,2012/12/12,17:02:14,0,0,1,0,0,1
519195,2012/12/12,16:58:16,0,0,1,0,0,2
519192,2012/12/12,16:52:48,0,0,1,0,0,2
519191,2012/12/12,16:51:53,0,0,1,0,0,1
519190,2012/12/12,16:50:41,0,0,1,0,0,3
519189,2012/12/12,16:49:33,0,0,1,0,0,1
519187,2012/12/12,16:48:01,0,0,1,0,0,0
519186,2012/12/12,16:45:10,0,0,1,2,0,4
519104,2012/12/12,14:48:23,0,0,1,2,0,0
519102,2012/12/12,14:46:54,0,0,1,3,0,2
519099,2012/12/12,14:43:28,0,0,1,3,0,1
519093,2012/12/12,14:37:46,0,0,1,2,1,0
519092,2012/12/12,14:35:58,0,0,1,0,2,0
519088,2012/12/12,14:31:13,0,0,1,0,0,0
519030,2012/12/12,13:19:51,0,0,3,0,0,7
518965,2012/12/12,11:08:40,2,0,4,84,3,6
518962,2012/12/12,11:06:01,1,1,1,39,44,1
518768,2012/12/11,14:55:24,0,0,1,0,0,1
518703,2012/12/11,13:16:34,6,1,7,540,1,5
518659,2012/12/11,11:13:44,0,0,4,18,0,0
518182,2012/12/07,16:51:55,7,0,0,203,0,0
518150,2012/12/07,16:03:43,5,0,12,373,11,14
518147,2012/12/07,16:02:11,1,0,0,1,0,0
518144,2012/12/07,16:00:41,1,0,1,25,0,1
517870,2012/12/06,17:38:12,0,0,7,18,0,7
517674,2012/12/06,11:05:01,0,0,1,0,0,4
517670,2012/12/06,11:02:50,5,0,1,42,0,0
517513,2012/12/05,16:47:02,2,0,4,261,7,12
517478,2012/12/05,16:11:39,4,4,11,197,201,17
517429,2012/12/05,14:58:15,0,3,0,0,51,0
517427,2012/12/05,14:58:01,2,0,1,50,0,1
517420,2012/12/05,14:46:46,1,0,2,2,0,5
517419,2012/12/05,14:45:44,16,2,2,767,66,8
516983,2012/12/04,15:39:18,2,0,0,48,0,0
516979,2012/12/04,15:34:49,0,0,1,4,0,0
516811,2012/12/04,10:17:23,5,0,0,201,0,0
516055,2012/11/29,16:47:15,2,0,3,85,1,0
514655,2012/11/26,14:34:51,0,0,3,1,0,10
512930,2012/11/20,13:28:49,0,0,1,2,1,0
512918,2012/11/20,13:14:33,0,0,2,0,0,7
512917,2012/11/20,13:14:06,0,1,3,2,63,4
512913,2012/11/20,13:01:57,0,0,2,0,0,2
511957,2012/11/16,10:17:26,0,0,2,3,6,0
511954,2012/11/16,10:11:13,0,0,1,0,0,1
511778,2012/11/15,16:57:09,2,0,2,377,0,1
511762,2012/11/15,16:28:17,0,0,5,0,20,0
511755,2012/11/15,16:15:44,2,0,1,250,0,0
511736,2012/11/15,15:40:52,2,0,5,265,13,8
511735,2012/11/15,15:40:31,0,0,5,19,9,5
502272,2012/10/17,11:25:13,0,0,1,0,0,4
502271,2012/10/17,11:24:53,0,0,1,7,0,1
502119,2012/10/16,17:54:15,7,0,1,600,0,3
502112,2012/10/16,17:48:38,0,0,1,0,0,1
501902,2012/10/16,13:08:19,1,0,0,33,0,0
501898,2012/10/16,13:01:30,0,0,1,5,0,0
501895,2012/10/16,12:48:45,0,0,2,1,0,8
501715,2012/10/15,17:56:39,6,0,1,604,0,0
501533,2012/10/15,14:40:32,4,5,0,61,219,0
501049,2012/10/12,14:39:28,0,0,1,8,0,1
499796,2012/10/09,16:22:28,0,1,0,0,25,0
499746,2012/10/09,15:13:51,0,0,1,3,0,1
499199,2012/10/08,10:31:02,1,1,0,25,25,0
498908,2012/10/05,13:11:39,2,2,6,89,89,3
498902,2012/10/05,13:02:45,0,0,1,0,0,1
498901,2012/10/05,13:01:09,0,0,1,0,0,1
498832,2012/10/05,09:58:32,0,1,0,0,74,0
498574,2012/10/04,14:39:33,0,0,6,22,6,5
498262,2012/10/02,15:46:28,8,0,0,605,0,0
498260,2012/10/02,15:43:28,0,0,1,2,0,0
498108,2012/10/02,11:06:03,0,0,3,8,0,1
498105,2012/10/02,11:02:38,1,0,0,74,0,0
494588,2012/09/18,16:41:47,1,0,0,30,0,0
493971,2012/09/14,14:26:16,0,0,2,0,3,9
493734,2012/09/13,16:10:27,0,2,5,10,171,12
493679,2012/09/13,14:32:52,0,0,2,12,0,0
493645,2012/09/13,13:26:25,12,7,46,509,411,23
493471,2012/09/12,17:09:49,2,2,4,185,186,1
493451,2012/09/12,16:34:39,0,0,4,11,0,15
491395,2012/09/04,13:39:51,0,0,1,0,0,1
491182,2012/09/03,17:05:01,0,0,9,62,0,0
491175,2012/09/03,17:03:10,9,0,0,848,0,0
491165,2012/09/03,16:57:11,0,0,6,18,0,9
490816,2012/08/31,16:53:47,4,0,2,252,0,0
490520,2012/08/30,17:42:41,0,0,16,74,11,16
490278,2012/08/30,10:57:56,9,0,1,1825,0,0
488993,2012/08/24,16:40:00,0,0,2,0,0,3
488980,2012/08/24,16:24:27,1,1,27,110,70,95
488374,2012/08/23,12:17:59,0,0,3,7,0,6
488372,2012/08/23,12:16:15,0,35,0,0,3393,0
488371,2012/08/23,12:14:21,1,0,0,3,0,0
488366,2012/08/23,12:08:21,4,6,26,445,527,59
488365,2012/08/23,12:07:24,2,0,1,88,0,7
488306,2012/08/23,10:19:43,36,1,0,3484,63,0
486950,2012/08/17,14:07:57,2,0,3,169,0,3
486729,2012/08/16,16:45:51,5,0,1,1021,3,2
485819,2012/08/13,11:29:06,2,0,0,76,0,0
481368,2012/07/26,15:33:31,3,0,1,123,0,1
481299,2012/07/26,14:34:30,0,0,1,1,0,0
481217,2012/07/26,11:47:27,0,0,2,0,0,8
481209,2012/07/26,11:39:31,1,0,1,24,0,0
480275,2012/07/23,17:54:11,2,0,5,92,5,14
480262,2012/07/23,17:36:46,3,1,0,92,18,0
475046,2012/07/04,14:34:13,0,0,7,29,3,21
474956,2012/07/04,11:24:36,8,2,8,550,223,31
474825,2012/07/03,17:52:20,0,27,0,0,2727,0
474824,2012/07/03,17:50:16,0,0,25,12,13,48
474688,2012/07/03,14:05:23,27,0,0,2721,0,0
474678,2012/07/03,13:42:15,2,0,11,144,9,41
474640,2012/07/03,11:49:10,4,0,1,146,0,2
473707,2012/06/28,17:16:51,0,0,6,27,0,14
473318,2012/06/27,17:11:05,8,4,9,726,302,6
472823,2012/06/26,14:44:57,3,0,3,600,0,2
472764,2012/06/26,12:59:52,0,0,1,3,0,0
472709,2012/06/26,11:05:36,0,2,3,0,144,14
472703,2012/06/26,10:59:57,2,0,8,151,5,6
470600,2012/06/18,11:33:42,0,0,1,0,0,1
470596,2012/06/18,11:29:38,5,5,0,198,198,0
470588,2012/06/18,11:21:00,5,0,0,198,0,0
470584,2012/06/18,11:13:32,0,1,0,0,14,0
470411,2012/06/15,14:45:20,2,0,0,375,0,0
470086,2012/06/14,16:51:39,0,0,3,13,8,3
469646,2012/06/13,11:25:46,2,0,6,82,1,23
469400,2012/06/12,13:32:41,0,0,1,3,0,0
469362,2012/06/12,11:57:08,3,1,7,175,18,13
469360,2012/06/12,11:55:58,1,0,0,63,0,0
469359,2012/06/12,11:53:43,0,1,1,0,75,1
469340,2012/06/12,11:14:14,0,0,1,5,0,0
469336,2012/06/12,11:04:01,1,1,0,1,1,0
469335,2012/06/12,11:02:48,0,0,1,0,0,1
469324,2012/06/12,10:45:53,1,0,0,1,0,0
469314,2012/06/12,10:41:02,0,0,1,2,0,0
469235,2012/06/11,17:52:01,1,0,7,33,15,17
469065,2012/06/11,13:26:24,4,4,3,267,215,14
468889,2012/06/08,17:13:20,4,0,3,222,1,10
468746,2012/06/08,10:32:34,1,0,0,14,0,0
468745,2012/06/08,10:27:59,1,0,3,4,0,7
467849,2012/06/04,17:36:35,0,0,2,0,0,2
467830,2012/06/04,17:16:54,0,0,0,0,0,0
467829,2012/06/04,17:12:35,0,0,1,0,0,1
467813,2012/06/04,16:54:48,0,0,1,0,0,1
467778,2012/06/04,15:54:14,0,0,1,0,0,2
467752,2012/06/04,15:01:22,0,0,1,0,0,1
467742,2012/06/04,14:55:33,0,0,1,0,0,1
467735,2012/06/04,14:42:13,4,4,0,132,122,0
467698,2012/06/04,12:59:30,1,0,0,15,0,0
467685,2012/06/04,12:39:30,3,1,0,107,1,0
467684,2012/06/04,12:38:11,1,0,0,1,0,0
461856,2012/05/09,10:10:58,0,0,1,5,5,1